SPAfilename,SPAtrial,SPAround,SPAdate,SPAtank,SPAsex,SPAcolor,SPAtime,SPApart,fishID,SPAreward_side,SPAvid_length,SPAprop_right_platform,SPAprop_left_platform,SPAprop_right_corner,SPAprop_left_corner,SPAprop_right_wall,SPAprop_left_wall,SPAprop_neutral_zone,SPAprop_sum_platform,SPAprop_sum_corner,SPAprop_sum_corner_and_platform,SPAprop_sum_wall,SPAnumber_of_entries_total,SPAprop_correct_of_platform_time,SPAprop_correct_including_corners_of_total,SPAprop_correct_including_corners_of_corner_and_platform_time,SPAlatency_to_enter_a_wall,SPAlatency_to_enter_a_corner,SPAlatency_to_enter_a_platform,SPAlatency_to_enter_correct_platform,SPAlatency_to_enter_correct_corner,SPAfirst_choice_correct_or_incorrect_corner,SPAprop_correct_including_corners_following_first_correct_corner_entry
SPA4_round1_0508_harry_female_black_6pm_tank2_part1_2019-09-17T145716_108.csv,SPA4,round1,0508,tank2,female,black,6pm,combined_now,round1femaleblack,L,748.296,0,0.9234393876220106,0,0.008722484150656941,0.005608743064241962,0,0.042018131862257724,0.9234393876220106,0.008722484150656941,0.9321618717726674,0.005608743064241962,8,1,0.9321618717726674,1,24.656000000000006,50.763000000000005,57.28999999999999,57.28999999999999,50.763000000000005,correct,1.0000000000000002
SPA4_round1_0508_harry_female_blue_6pm_tank1_part1_2019-09-18T150251_681.csv,SPA4,round1,0508,tank1,female,blue,6pm,combined_now,round1femaleblue,L,749.825,0,0.9206721568365951,0,0.04158303604174308,0,0.017289367519087783,0.0026979628580001947,0.9206721568365951,0.04158303604174308,0.9622551928783382,0.017289367519087783,14,1,0.9622551928783382,1,7.60499999999999,19.256,59.482,59.482,19.256,correct,0.9876178704543995
SPA4_round1_0508_harry_female_orange_6pm_tank2_part1_2019-09-17T151404_416.csv,SPA4,round1,0508,tank2,female,orange,6pm,combined_now,round1femaleorange,L,741.935,0,0.7541280570400373,0,0.008326874995788037,0,0.2164583150815098,0.01970523024254143,0.7541280570400373,0.008326874995788037,0.7624549320358254,0.2164583150815098,13,1,0.7624549320358254,1,1.7989999999999782,18.945999999999998,178.97099999999998,178.97099999999998,18.945999999999998,correct,0.782435140783608
SPA4_round1_0508_harry_female_purple_6pm_tank1_part1_2019-09-17T153054_007.csv,SPA4,round1,0508,tank1,female,purple,6pm,combined_now,round1femalepurple,L,756.8530000000001,0,0.9274667603880806,0,0.0046825473374619495,0,0.0010570084283209704,0.01588023037498682,0.9274667603880806,0.0046825473374619495,0.9321493077255426,0.0010570084283209704,12,1,0.9321493077255426,1,3.2249999999999943,4.025000000000006,5.825000000000017,5.825000000000017,4.025000000000006,correct,0.9371330503116252
SPA4_round1_0508_harry_female_white_6pm_tank3_part1_2019-09-18T192658_594.csv,SPA4,round1,0508,tank3,female,white,6pm,combined_now,round1femalewhite,L,733.2450000000001,0,0,0,0.9459975860728678,0,0.04077900292535238,0.004402348464701441,0,0.9459975860728678,0.9459975860728678,0.04077900292535238,16,NaN,0.9459975860728678,1,9.695999999999998,11.88500000000002,57.28999999999999,57.28999999999999,11.88500000000002,correct,0.9615836752800266
SPA4_round1_0508_harry_female_yellow_6pm_tank3_part1_2019-09-18T192210_816.csv,SPA4,round1,0508,tank3,female,yellow,6pm,combined_now,round1femaleyellow,L,738.761,0,0,0.9952582770341153,0,0,0,0.0040324272667344565,0,0.9952582770341153,0.9952582770341153,0,4,NaN,0,0,NA,214.073,NA,NA,NA,incorrect,NA
SPA4_round1_0508_harry_male_black_6pm_tank2_2019-09-18T193320_772.csv,SPA4,round1,0508,tank2,male,black,6pm,combined_originally,round1maleblack,L,684.7009999999999,0.5028720565619152,0,0.017525898165768793,0,0.4674712027585764,0,4.45449911713298e-4,0.5028720565619152,0.017525898165768793,0.520397954727684,0.4674712027585764,10,0,0,0,8.305999999999983,34.08099999999999,340.384,NA,NA,incorrect,NA
SPA4_round1_0508_harry_male_blue_6pm_tank1_2019-09-19T153244_640.csv,SPA4,round1,0508,tank1,male,blue,6pm,combined_originally,round1maleblue,L,683.6489999999999,0.8264474898668762,0,0.08604561697596289,0,0.07624526621116966,0,0.00402106929140542,0.8264474898668762,0.08604561697596289,0.9124931068428391,0.07624526621116966,17,0,0,0,5.774000000000001,7.423999999999978,8.524000000000001,NA,NA,incorrect,NA
SPA4_round1_0508_harry_male_green_6pm_tank4_2019-09-19T144207_423.csv,SPA4,round1,0508,tank4,male,green,6pm,combined_originally,round1malegreen,L,261.094,0,0,0.9464752158226539,0,0,0,0.05352478417734607,0,0.9464752158226539,0.9464752158226539,0,3,NaN,0,0,NA,13.974999999999994,NA,NA,NA,incorrect,NA
SPA4_round1_0508_harry_male_orange_6pm_tank2_2019-09-19T141614_929.csv,SPA4,round1,0508,tank2,male,orange,6pm,combined_originally,round1maleorange,L,678.769,0,0.345553494635141,0.4647663638144935,0.0903090742211267,0.049648702283103745,0.0032043301918620493,0.036426236318983285,0.345553494635141,0.5550754380356202,0.9006289326707613,0.0528530324749658,13,1,0.43586256885626773,0.4839535496197566,3.8499999999999943,6.025000000000006,17.25,17.25,6.025000000000006,correct,0.4397660923025698
SPA4_round1_0508_harry_male_pink_6pm_tank4_2019-09-19T145352_522.csv,SPA4,round1,0508,tank4,male,pink,6pm,combined_originally,round1malepink,L,255.89499999999998,0.12133883037964774,0,0.8657652552804863,0,0.003223978584966557,0,0.008597276226577263,0.12133883037964774,0.8657652552804863,0.9871040856601341,0.003223978584966557,10,0,0,0,2.4749999999999943,3.3000000000000114,4.125,NA,NA,incorrect,NA
SPA4_round1_0508_harry_male_purple_6pm_tank1_2019-09-19T151323_428.csv,SPA4,round1,0508,tank1,male,purple,6pm,combined_originally,round1malepurple,L,689.1109999999999,0.043207843148636405,0.32937944685253895,7.9812976429053e-4,0.01429377850593014,0.018647213583878396,0.013568205992938722,0.12117060966955975,0.37258729000117535,0.01509190827022067,0.387679198271396,0.03221541957681712,26,0.8840329654065759,0.3436732253584691,0.8864886919155245,61.349999999999994,20.57499999999999,21.125,452.55699999999996,452.282,incorrect,1
SPA4_round1_0508_harry_male_white_6pm_tank3_2019-09-19T150103_268.csv,SPA4,round1,0508,tank3,male,white,6pm,combined_originally,round1malewhite,L,675.59,0,0.9732086028508414,0,0.011360440503855906,0,0.009325182433132495,0.0012211548424340038,0.9732086028508414,0.011360440503855906,0.9845690433546973,0.009325182433132495,6,1,0.9845690433546973,1,4.125,10.424999999999983,18.099999999999994,18.099999999999994,10.424999999999983,correct,1
SPA4_round2_0508_cooper_female_black_7pm_tank2_part1_2019-09-24T143737_450.csv,SPA4,round2,0508,tank2,female,black,7pm,combined_now,round2femaleblack,L,729.1679999999999,0,0.357807802865732,0,0.6365350646215963,0,0,0.005279990345160504,0.357807802865732,0.6365350646215963,0.9943428674873283,0,6,NaN,0.9943428674873283,1,NA,691.3679999999999,NA,NA,691.3679999999999,correct,1.0000000000000002
SPA4_round2_0508_cooper_female_blue_7pm_tank1_2019-09-24T153357_000.csv,SPA4,round2,0508,tank1,female,blue,7pm,combined_originally,round2femaleblue,L,730.3309999999999,0,0,0,0.36746351996560483,0,0.0723055710355988,0.08718649489067273,0,0.36746351996560483,0.36746351996560483,0.0723055710355988,11,NaN,0.36746351996560483,1,409.15399999999994,432.329,NA,NA,432.329,correct,0.9005644257421096
SPA4_round2_0508_cooper_female_green_7pm_tank4_part1_2019-09-24T152035_362.csv,SPA4,round2,0508,tank4,female,green,7pm,combined_now,round2femalegreen,L,709.916,0,0,0.9965488874740109,0,0.0011621093199758684,0,0.0019016334326878428,0,0.9965488874740109,0.9965488874740109,0.0011621093199758684,5,NaN,0,0,1.625,2.4499999999999886,57.28999999999999,57.28999999999999,50.763000000000005,incorrect,NA
SPA4_round2_0508_cooper_female_orange_7pm_tank2_part1_2019-09-24T145401_027.csv,SPA4,round2,0508,tank2,female,orange,7pm,combined_now,round2femaleorange,L,723.2589999999999,0,0.138525756333485,0,0.3758252576186401,0,0,0.485648986047875,0.138525756333485,0.3758252576186401,0.5143510139521251,0,8,NaN,0.5143510139521251,1,NA,685.5409999999999,NA,NA,685.5409999999999,correct,0.5149205698870111
SPA4_round2_0508_cooper_female_pink_7pm_tank4_part1_datestamp.csv,SPA4,round2,0508,tank4,female,pink,7pm,combined_now,round2femalepink,L,704.565,0,0.3757992520207503,0,0.57523436446601806,0,0.011283557940005557,0.004683741031700386,0.3757992520207503,0.57523436446601806,0.9510336164867683,0.011283557940005557,9,NaN,0.9510336164867683,1,26.549999999999983,34.5,52.37499999999997,52.37499999999997,34.5,correct,1
SPA4_round2_0508_cooper_female_purple_7pm_tank1_2019-10-16T181311_542.csv,SPA4,round2,0508,tank1,female,purple,7pm,combined_originally,round2femalepurple,L,735.966,0,0.9368544199052673,0,0.04833239579002291,0,0.0018329651098012924,7.187832046589059e-4,0.9368544199052673,0.04833239579002291,0.9851868156952902,0.0018329651098012924,9,1,0.9851868156952902,1,9.552999999999997,10.902000000000015,22.231000000000023,22.231000000000023,10.902000000000015,correct,1
SPA4_round2_0508_cooper_female_white_7pm_tank3_part1_2019-09-25T152118_947.csv,SPA4,round2,0508,tank3,female,white,7pm,combined_now,round2femalewhite,L,714.52,0.987684039635,0,0.008852096512343975,0,0,0,0.0034638638526563203,0.987684039635,0.008852096512343975,0.9965361361473439,0,7,0,0,0,NA,NA,410.855,NA,NA,incorrect,NA
SPA4_round2_0508_cooper_female_yellow_7pm_tank3_part1_2019-09-25T151303_878.csv,SPA4,round2,0508,tank3,female,yellow,7pm,combined_now,round2femaleyellow,L,719.5440000000001,0,0,0.966680286403611,0,0.004968424446593977,0,0.0019109324794592127,0,0.966680286403611,0.966680286403611,0.004968424446593977,6,NaN,0,0,20.400000000000006,23.975000000000023,57.28999999999999,57.28999999999999,50.763000000000005,incorrect,NA
SPA4_round2_0508_cooper_male_black_7pm_tank2_2019-09-25T152832_932.csv,SPA4,round2,0508,tank2,male,black,7pm,combined_originally,round2maleblack,L,677.73,0.9719283490475557,0,0.0032461304649344385,0,0.008963746624762056,0,0.002065719386776495,0.9719283490475557,0.0032461304649344385,0.9751744795124901,0.008963746624762056,9,0,0,0,53.17500000000001,0.575000000000017,0.8500000000000227,NA,NA,incorrect,NA
SPA4_round2_0508_cooper_male_blue_7pm_tank1_2019-09-25T184307_443.csv,SPA4,round2,0508,tank1,male,blue,7pm,combined_originally,round2maleblue,L,676.8309999999999,0,0.9250920835481827,0,0.020758505446706804,0,0.03656747400754399,0.008126105335009775,0.9250920835481827,0.020758505446706804,0.9458505889948895,0.03656747400754399,8,1,0.9458505889948895,1,11.899999999999977,21.799999999999983,50.69999999999999,50.69999999999999,21.799999999999983,correct,0.9773293172384209
SPA4_round2_0508_cooper_male_green_7pm_tank4_2019-09-25T153801_326.csv,SPA4,round2,0508,tank4,male,green,7pm,combined_originally,round2malegreen,L,656.2259999999999,0.9873900150253117,0,0.004800175549277197,0,0,0,0.0078098094254113685,0.9873900150253117,0.004800175549277197,0.9921901905745889,0,4,0,0,0,NA,5.125,8.274999999999977,NA,NA,incorrect,NA
SPA4_round2_0508_cooper_male_orange_7pm_tank2_2019-09-25T153327_794.csv,SPA4,round2,0508,tank2,male,orange,7pm,combined_originally,round2maleorange,L,672.595,0,0.9732379812517191,0,0.001635456701283825,0,0.00672767415755396,0.008177283506419167,0.9732379812517191,0.001635456701283825,0.974873437953003,0.00672767415755396,7,1,0.974873437953003,1,8.525000000000006,16.900000000000006,18,18,16.900000000000006,correct,1.0000000000000002
SPA4_round2_0508_cooper_male_pink_7pm_tank4_2019-09-25T180804_760.csv,SPA4,round2,0508,tank4,male,pink,7pm,combined_originally,round2malepink,L,651.5509999999999,0,0,0,0,0,0,0.9874913859390898,0,0,0,0,4,NaN,0,NaN,NA,NA,NA,NA,NA,correct,NA
SPA4_round2_0508_cooper_male_purple_7pm_tank1_2019-09-25T182824_416.csv,SPA4,round2,0508,tank1,male,purple,7pm,combined_originally,round2malepurple,L,682.359,0,0,0,6.594769029205867e-4,0,0.014361941441382003,0.1570991223095174,0,6.594769029205867e-4,6.594769029205867e-4,0.014361941441382003,12,NaN,6.594769029205867e-4,1,39.150000000000006,51.525000000000006,NA,NA,51.525000000000006,correct,7.133413861649635e-4
SPA4_round2_0508_cooper_male_white_7pm_tank3_2019-09-25T185344_858.csv,SPA4,round2,0508,tank3,male,white,7pm,combined_originally,round2malewhite,L,662.615,0,0,0,0,0,0,0.9995849777019838,0,0,0,0,2,NaN,0,NaN,NA,NA,NA,NA,NA,correct,NA
SPA4_round2_0508_cooper_male_yellow_7pm_tank3_2019-09-25T184958_256.csv,SPA4,round2,0508,tank3,male,yellow,7pm,combined_originally,round2maleyellow,L,667.905,0,0,0.9749215831592817,0,0,0,0.016020242399742462,0,0.9749215831592817,0.9749215831592817,0,5,NaN,0,0,NA,16.75,NA,NA,NA,incorrect,NA
SPA4_round2_0515_cooper_female_green_6pm_tank4_2019-09-25T192224_075.csv,SPA4,round2,0515,tank4,female,green,6pm,combined_originally,round2femalegreen,R,680.2,0.007644810349897197,0.004851514260511547,0.7740591002646278,0.20807850632167021,0,0,8.820935019111942e-4,0.012496324610408744,0.982137606586298,0.9946339311967067,0,11,0.6117647058823596,0.7817039106145249,0.7859212179439804,NA,3.6500000000000057,4.474999999999994,4.474999999999994,3.6500000000000057,correct,0.7859212179439805
SPA4_round3_0605_audrey_female_black_4pm_tank1_2019-09-30T183645_645.csv,SPA4,round3,0605,tank1,female,black,4pm,combined_originally,round3femaleblack,R,685.9649999999999,0,0.7258387818620484,0,0.07022953066118541,0,0.03925127375303403,0.16147325300853543,0.7258387818620484,0.07022953066118541,0.7960683125232338,0.03925127375303403,12,0,0,0,7.475000000000023,59.75,66.07500000000002,NA,NA,incorrect,NA
SPA4_round3_0605_audrey_female_blue_4pm_tank1_part1_2019-09-30T185757_557.csv,SPA4,round3,0605,tank1,female,blue,4pm,combined_now,round3femaleblue,R,690.7,0.08759229766903154,0,0.9040466193716519,0,0,0,0.007962936151730129,0.08759229766903154,0.9040466193716519,0.9916389170406834,0,7,1,0.9916389170406834,1,NA,80.01499999999999,634.05,634.05,80.01499999999999,correct,1
SPA4_round3_0605_audrey_female_orange_4pm_tank1_2019-09-30T184125_304.csv,SPA4,round3,0605,tank1,female,orange,4pm,combined_originally,round3femaleorange,R,686.3420000000001,0,0,0,0,0,0,0.008814847408434835,0,0,0,0,3,NaN,0,NaN,NA,NA,NA,NA,NA,correct,NA
SPA4_round3_0605_audrey_female_purple_4pm_tank1_part1_2019-09-30T185325_833.csv,SPA4,round3,0605,tank1,female,purple,4pm,combined_now,round3femalepurple,R,690.6850000000001,0,0.9694144219144762,0,0.004777865452413159,0,0,0.017699819744167053,0.9694144219144762,0.004777865452413159,0.9741922873668893,0,7,0,0,0,NA,NA,80,NA,NA,incorrect,NA
SPA4_round3_0605_audrey_female_white_4pm_tank3_2019-09-30T184450_603.csv,SPA4,round3,0605,tank3,female,white,4pm,combined_originally,round3femalewhite,R,679.952,0.10401469515495215,0,0.8723071628585547,0,0.021839776925430023,0,0.0012133209403016516,0.10401469515495215,0.8723071628585547,0.9763218580135069,0.021839776925430023,7,1,0.9763218580135069,1,1.25,16.099999999999994,367.85,367.85,16.099999999999994,correct,1
SPA4_round3_0605_audrey_male_black_4pm_tank2_part1_2019-09-30T190656_460.csv,SPA4,round3,0605,tank2,male,black,4pm,combined_now,round3maleblack,R,683.363,0.979074079222902,0,0.016499283689634946,0,0,0,0.00442663708746304,0.979074079222902,0.016499283689634946,0.995573362912537,0,7,1,0.995573362912537,1,NA,NA,431.56500000000005,431.56500000000005,NA,correct,1
SPA4_round3_0605_audrey_male_green_4pm_tank4_2019-09-30T193315_311.csv,SPA4,round3,0605,tank4,male,green,4pm,combined_originally,round3malegreen,R,253.49,0.8950648940786619,0,0.015385222296737566,0,0.024458558523018613,0,0.002169710836719442,0.8950648940786619,0.015385222296737566,0.9104501163753994,0.024458558523018613,6,1,0.9104501163753994,1,16.5,22.69999999999999,26.599999999999994,26.599999999999994,22.69999999999999,correct,1
SPA4_round3_0605_audrey_male_orange_4pm_tank2_part1_2019-09-30T191750_217.csv,SPA4,round3,0605,tank2,male,orange,4pm,combined_now,round3maleorange,R,683.991,0.3560719366190491,0.23094748322711844,0.11582608543094865,0.08179932192090242,0.008041041475691933,0.17876697208004202,0.015718043073666203,0.5870194198461676,0.19762540735185108,0.7846448271980186,0.18680801355573395,52,0.6065760766694229,0.47189802204999776,0.6014160874993012,2.5250000000000057,2.8000000000000114,4.450000000000017,4.450000000000017,2.8000000000000114,correct,0.47383773420376957
SPA4_round3_0605_audrey_male_pink_4pm_tank4_2019-09-30T193659_972.csv,SPA4,round3,0605,tank4,male,pink,4pm,combined_originally,round3malepink,R,253.38,0.9934880416765333,0,0.0010853263872444773,0,0,0,0.004341305548977797,0.9934880416765333,0.0010853263872444773,0.9945733680637777,0,4,1,0.9945733680637777,1,NA,1.375,1.6500000000000057,1.6500000000000057,1.375,correct,1
SPA4_round3_0605_audrey_male_purple_4pm_tank1_2019-09-30T193841_024.csv,SPA4,round3,0605,tank1,male,purple,4pm,combined_originally,round3malepurple,R,688.955,0.2438548236096697,0.44320746638024244,0.1337170061905351,0.01995776211799033,0.07565806184729063,0.012772967755513719,0.06324796249392173,0.6870622899899121,0.15367476830852542,0.8407370582984376,0.08843102960280434,40,0.35492389432878074,0.37757182980020476,0.4490962139391952,31.049999999999983,41.5,43.150000000000006,373.525,368.025,incorrect,0.8105505873554982
SPA4_round3_0605_audrey_male_white_4pm_tank3_2019-10-01T142235_978.csv,SPA4,round3,0605,tank3,male,white,4pm,combined_originally,round3malewhite,R,673.2330000000001,0,0,0,0.008615145128061094,0,0.28342045027501633,0.025251287444317195,0,0.008615145128061094,0.008615145128061094,0.28342045027501633,7,NaN,0,0,476.625,480.45000000000005,NA,NA,NA,incorrect,NA
SPA4_round3_0605_audrey_male_yellow_4pm_tank3_2019-10-01T141119_935.csv,SPA4,round3,0605,tank3,male,yellow,4pm,combined_originally,round3maleyellow,R,239.29999999999998,0.7561638111157544,0,0.06435436690346824,0,0.04304220643543674,0,0.0013581278729627609,0.7561638111157544,0.06435436690346824,0.8205181780192226,0.04304220643543674,10,1,0.8205181780192226,1,32.650000000000006,42.95000000000002,43.224999999999994,43.224999999999994,42.95000000000002,correct,1
SPA4_round4_0605_cooper_female_black_4pm_tank2_2019-10-02T180555_130.csv,SPA4,round4,0605,tank2,female,black,4pm,combined_originally,round4femaleblack,R,681.376,0.39328652608838605,0,0.49216585262762397,0,0.10324695909453811,0,0.004843140938336518,0.39328652608838605,0.49216585262762397,0.88545237871601,0.10324695909453811,28,1,0.88545237871601,1,7.699999999999989,9.900000000000006,47.29999999999998,47.29999999999998,9.900000000000006,correct,0.8985071692808083
SPA4_round4_0605_cooper_female_blue_4pm_tank1_part1_2019-10-02T184337_455.csv,SPA4,round4,0605,tank1,female,blue,4pm,combined_now,round4femaleblue,R,685.816,0.0012029465629264826,0,0.05128489274091014,0,0.007217679377558897,0,0.03503126202946568,0.0012029465629264826,0.05128489274091014,0.05248783930383662,0.007217679377558897,12,NaN,0.05248783930383662,NaN,640.019,649.819,652.844,652.844,649.819,correct,1
SPA4_round4_0605_cooper_female_green_4pm_tank4_2019-10-02T182150_688.csv,SPA4,round4,0605,tank4,female,green,4pm,combined_originally,round4femalegreen,R,666.9749999999999,0,0.97792271074628,0,0,0,0.0053600209902919735,0.0018741332133888505,0.97792271074628,0,0.97792271074628,0.0053600209902919735,7,0,0,0,10.324999999999989,14.724999999999994,14.724999999999994,NA,NA,incorrect,NA
SPA4_round4_0605_cooper_female_orange_4pm_tank2_2019-10-02T181706_563.csv,SPA4,round4,0605,tank2,female,orange,4pm,combined_originally,round4femaleorange,R,681.3,0,0.7269191252018201,0,0.04311610157052698,0,0.21983707617789522,0.009724056949948628,0.7269191252018201,0.04311610157052698,0.7700352267723471,0.21983707617789522,8,0,0,0,4.149999999999977,6.899999999999977,186.05,NA,NA,incorrect,NA
SPA4_round4_0605_cooper_female_pink_4pm_tank4_2019-10-02T182504_384.csv,SPA4,round4,0605,tank4,female,pink,4pm,combined_originally,round4femalepink,R,666.64,0.34857644305772234,0,0.6053342133685347,0,0,0,0.03123874954998211,0.34857644305772234,0.6053342133685347,0.9539106564262569,0,23,1,0.9539106564262569,1,NA,13.199999999999989,13.875,13.875,13.199999999999989,correct,0.9731803991185112
SPA4_round4_0605_cooper_female_white_4pm_tank3_2019-10-02T185556_961.csv,SPA4,round4,0605,tank3,female,white,4pm,combined_originally,round4femalewhite,R,671.111,0.9639776430426562,0,0.0073758290357332675,0,0.028572024598017335,0,7.450332359324008e-5,0.9639776430426562,0.0073758290357332675,0.9713534720783895,0.028572024598017335,5,1,0.9713534720783895,1,0.04999999999998295,19.224999999999994,24.174999999999983,24.174999999999983,19.224999999999994,correct,1
SPA4_round4_0605_cooper_female_yellow_4pm_tank3_2019-10-02T184812_389.csv,SPA4,round4,0605,tank3,female,yellow,4pm,combined_originally,round4femaleyellow,R,671.54,0.4660928611847396,0,0.4517452422789411,0,0.023341870923548877,0,2.9782291449506664e-4,0.4660928611847396,0.4517452422789411,0.9178381034636807,0.023341870923548877,21,1,0.9178381034636807,1,8.724999999999994,55.17499999999998,68.54999999999998,68.54999999999998,55.17499999999998,correct,1
SPA4_round4_0605_cooper_male_black_4pm_tank2_part1_2019-10-02T191141_819.csv,SPA4,round4,0605,tank2,male,black,4pm,combined_now,round4maleblack,R,684.141,0.3921340776243495,0.2965909074299013,0.005627494916983438,0.24813013691622027,0.005627494916983521,0.007235350607550265,0.037419186980461705,0.6887249850542507,0.2537576318332037,0.9424826168874545,0.012862845524533787,29,0.5693623523669046,0.3977615725413329,0.42203597754931454,405.07499999999993,0.549999999999983,1.6499999999999773,129.62499999999997,125.775,incorrect,0.4873595455310675
SPA4_round4_0605_cooper_male_green_4pm_tank4_2019-10-02T192758_796.csv,SPA4,round4,0605,tank4,male,green,4pm,combined_originally,round4malegreen,R,667.03,0,0.9895431989565686,0,0.010306882748901848,0,0,1.499182945294729e-4,0.9895431989565686,0.010306882748901848,0.9998500817054705,0,4,0,0,0,NA,0.09999999999999432,6.974999999999994,NA,NA,incorrect,NA
SPA4_round4_0605_cooper_male_orange_4pm_tank2_part1_2019-10-02T191917_957.csv,SPA4,round4,0605,tank2,male,orange,4pm,combined_now,round4maleorange,R,684.299,0,0,0,0,0,0,1,0,0,0,0,3,NaN,0,NaN,NA,NA,NA,NA,NA,incorrect,NA
SPA4_round4_0605_cooper_male_pink_4pm_tank4_2019-10-02T192222_846.csv,SPA4,round4,0605,tank4,male,pink,4pm,combined_originally,round4malepink,R,667.012,0,0.017803277902046742,0,0.8953062313721494,0,0.0749341840926399,0.007008869405647807,0.017803277902046742,0.8953062313721494,0.9131095092741961,0.0749341840926399,15,0,0,0,21.825000000000017,2.4750000000000227,7.975000000000023,NA,NA,incorrect,NA
SPA4_round4_0605_cooper_male_purple_4pm_tank1_2019-10-02T193015_706.csv,SPA4,round4,0605,tank1,male,purple,4pm,combined_originally,round4malepurple,R,689.838,0.004783731832691253,0.7158970656878859,0.05446931018586979,0.07204590063174277,0.06541390877278418,0.026056842331098017,0.01185060840371207,0.7206807975205771,0.12651521081761255,0.8471960083381896,0.0914707511038822,36,0.00663779560819319,0.05925304201856105,0.06994018082638084,18.125,1.0250000000000057,41.599999999999994,618.103,602.428,incorrect,0.4676238416657148
SPA4_round4_0605_cooper_male_white_4pm_tank3_2019-10-02T194423_024.csv,SPA4,round4,0605,tank3,male,white,4pm,combined_originally,round4malewhite,R,677.03,0.9925778769035346,0,0.002030929205500495,0,0.0036556725699009034,0,1.1077795666364656e-4,0.9925778769035346,0.002030929205500495,0.9946088061090351,0.0036556725699009034,6,1,0.9946088061090351,1,1.1749999999999972,3.6500000000000057,5.025000000000006,5.025000000000006,3.6500000000000057,correct,1
SPA4_round4_0605_cooper_male_yellow_4pm_tank3_2019-10-02T194030_133.csv,SPA4,round4,0605,tank3,male,yellow,4pm,combined_originally,round4maleyellow,R,676.615,0,0,0.9778648123378879,0,0.018070837921122084,0,7.389726801799717e-5,0,0.9778648123378879,0.9778648123378879,0.018070837921122084,11,NaN,0.9778648123378879,1,2.75,4.3999999999999915,NA,NA,4.3999999999999915,correct,0.9842654507858349
SPA4_round5_0703_harry_female_black_2pm_tank2_part1_2019-10-07T152336_586.csv,SPA4,round5,0703,tank2,female,black,2pm,combined_now,round5femaleblack,L,683.0640000000001,0.43636321047515314,0,0.1824133609734958,0,0.2878558963728142,0,0.008454551842872669,0.43636321047515314,0.1824133609734958,0.618776571448649,0.2878558963728142,33,0,0,0,22.25,43.125,385,57.28999999999999,50.763000000000005,incorrect,NA
SPA4_round5_0703_harry_female_blue_2pm_tank1_2019-10-07T184749_376.csv,SPA4,round5,0703,tank1,female,blue,2pm,combined_originally,round5femaleblue,L,683.3149999999999,0,0,0,0.012475944476559137,0,0.15333338211512978,0.040024000643919984,0,0.012475944476559137,0.012475944476559137,0.15333338211512978,25,NaN,0.012475944476559137,1,23.573999999999998,41.148999999999994,NA,NA,41.148999999999994,correct,0.013275383623549061
SPA4_round5_0703_harry_female_green_2pm_tank4_part1_2019-10-07T153453_143.csv,SPA4,round5,0703,tank4,female,green,2pm,combined_now,round5femalegreen,L,665.725,0,0.4479927898156145,0,0.4911712794321979,0,0.05779413421457808,0.0030417965376093817,0.4479927898156145,0.4911712794321979,0.9391640692478125,0.05779413421457808,25,1,0.9391640692478125,1,392.09999999999997,269.64,307.575,307.575,269.64,correct,0.9420295314147958
SPA4_round5_0703_harry_female_pink_2pm_tank4_part1_2019-10-07T154314_691.csv,SPA4,round5,0703,tank4,female,pink,2pm,combined_now,round5femalepink,L,666.126,0,0,0,0,0,0,0.002889843663210881,0,0,0,0,4,NaN,0,NaN,NA,NA,NA,NA,NA,correct,NA
SPA4_round5_0703_harry_female_purple_2pm_tank1_2019-10-07T184057_652.csv,SPA4,round5,0703,tank1,female,purple,2pm,combined_originally,round5femalepurple,L,683.478,0.047148554891305976,0.03559002630662589,0.024616739675600453,0.7658242108743806,0.001975191593584445,0.033219796394324284,0.05720886407463012,0.08273858119793187,0.790440950549981,0.8731795317479129,0.03519498798790873,32,0.4301503094606545,0.8014142371810065,0.9178115244831173,4.376000000000001,39.729,45.15400000000001,45.15400000000001,39.729,correct,0.8508735547550363
SPA4_round5_0703_harry_female_white_2pm_tank3_part1_2019-10-07T190512_164.csv,SPA4,round5,0703,tank3,female,white,2pm,combined_now,round5femalewhite,L,673.796,0.2751218469685187,0.03912014912525453,0.09225047343706401,0.11610635860111948,0.020718437034354623,0.16265457200695765,0.14872602390040895,0.31424199609377323,0.20835683203818348,0.5225988281319568,0.1833730090413123,53,0.12449051880888844,0.155226507726374,0.29702804401845917,38.57500000000002,42.650000000000006,49.80000000000001,49.80000000000001,42.650000000000006,correct,0.1657160149949456
SPA4_round5_0703_harry_female_yellow_2pm_tank3_part1_2019-10-07T185806_251.csv,SPA4,round5,0703,tank3,female,yellow,2pm,combined_now,round5femaleyellow,L,673.233,0,0.8814244102710356,0.02377185907405013,0.0049017205038968436,0.007352580755845328,0.02124078885021978,0.017268909872213682,0.8814244102710356,0.028673579577946976,0.9100979898489825,0.028593369606065108,19,1,0.8863261307749324,0.9738798905840955,614.6289999999999,612.704,453.96899999999994,453.96899999999994,612.704,correct,0.9105702967154375
SPA4_round5_0703_harry_male_black_2pm_tank2_2019-10-07T192207_869.csv,SPA4,round5,0703,tank2,male,black,2pm,combined_originally,round5maleblack,L,682.776,0.9448428181424069,0,0.05019947977081796,0,0.00201383762756746,0,0.0025630660714494945,0.9448428181424069,0.05019947977081796,0.9950422979132248,0.00201383762756746,7,0,0,0,2.009999999999991,3.384999999999991,11.684999999999974,NA,NA,incorrect,NA
SPA4_round5_0703_harry_male_blue_2pm_tank1_2019-10-08T145044_612.csv,SPA4,round5,0703,tank1,male,blue,2pm,combined_originally,round5maleblue,L,687.562,0,0.4580605094522385,0,0.10506688851332689,0.04858180062307111,0.18292459443657447,0.015710583191043122,0.4580605094522385,0.10506688851332689,0.5631273979655653,0.23150639505964557,26,1,0.5631273979655653,1,9.475999999999999,18.973000000000013,283.626,283.626,18.973000000000013,correct,0.5791076431110892
SPA4_round5_0703_harry_male_green_2pm_tank4_2019-10-08T140742_044.csv,SPA4,round5,0703,tank4,male,green,2pm,combined_originally,round5malegreen,L,665.674,0.12629004587831288,0,0.3576285088496773,0,0.4884703323248314,0,0.0015878643299873758,0.12629004587831288,0.3576285088496773,0.48391855472799017,0.4884703323248314,132,0,0,0,2.5289999999999964,4.950999999999993,287.64599999999996,NA,NA,incorrect,NA
SPA4_round5_0703_harry_male_orange_2pm_tank2_2019-10-07T192923_351.csv,SPA4,round5,0703,tank2,male,orange,2pm,combined_originally,round5maleorange,L,683.075,0.6419763569154191,0,0.339059400505069,0,0.014974929546535946,0,0.0035867218094645784,0.6419763569154191,0.339059400505069,0.9810357574204881,0.014974929546535946,90,0,0,0,2.7249999999999943,2.7249999999999943,3.8249999999999886,NA,NA,incorrect,NA
SPA4_round5_0703_harry_male_pink_2pm_tank4_2019-10-08T142847_427.csv,SPA4,round5,0703,tank4,male,pink,2pm,combined_originally,round5malepink,L,665.87,0.9952363073873278,0,0.0020244191809212207,0,0,0,0.002739273431750961,0.9952363073873278,0.0020244191809212207,0.997260726568249,0,4,0,0,0,NA,1.8240000000000123,3.1720000000000255,NA,NA,incorrect,NA
SPA4_round5_0703_harry_male_purple_2pm_tank1_2019-10-08T143208_244.csv,SPA4,round5,0703,tank1,male,purple,2pm,combined_originally,round5malepurple,L,687.457,0.48809161882125,0.20061763863048893,0.1265868265215133,0.0011957111499337452,0.05055734395023976,0.04820519683412928,0.04833902338618988,0.6887092574517389,0.12778253767144704,0.816491795123186,0.09876254078436904,40,0.2912951095978946,0.20181334978042267,0.24717131388928976,155.117,15.324999999999989,16.14699999999999,16.14699999999999,15.324999999999989,correct,0.20641481137633683
SPA4_round5_0703_harry_male_white_2pm_tank3_2019-10-08T152141_671.csv,SPA4,round5,0703,tank3,male,white,2pm,combined_originally,round5malewhite,L,672.604,0.510529226706948,0.29091411885745544,0.0012221158363613697,0.010779002206350414,0.015178321865466162,0.04346242365492916,0.040325362323149885,0.8014433455644034,0.012001118042711784,0.8134444636071152,0.05864074552039532,34,0.362987752618476,0.30169312106380586,0.37088348936076887,11.449999999999989,81.92899999999997,82.75099999999998,457.185,456.65899999999993,incorrect,0.9396837157609578
SPA4_round5_0703_harry_male_yellow_2pm_tank3_2019-10-08T150826_622.csv,SPA4,round5,0703,tank3,male,yellow,2pm,combined_originally,round5maleyellow,L,672.2379999999999,0.052636119945614526,0,0.7891282551715315,0,0.13732785114795654,0,3.704045293482297e-4,0.052636119945614526,0.7891282551715315,0.8417643751171461,0.13732785114795654,36,0,0,0,0.24899999999999523,0.804000000000002,539.463,NA,NA,incorrect,NA
SPA4_round6_0703_cooper_female_black_3pm_tank2_part1_2019-09-09T151925_925.csv,SPA4,round6,0703,tank2,female,black,3pm,combined_now,round6femaleblack,L,667.651,0,0.9707182345267215,0,0.0012326799480567056,0,0,0.02051670708199345,0.9707182345267215,0.0012326799480567056,0.9719509144747781,0,7,1,0.9719509144747781,1,NA,NA,649.5079999999999,649.5079999999999,NA,correct,1
SPA4_round6_0703_cooper_female_blue_3pm_tank1_part1_2019-09-09T184952_118.csv,SPA4,round6,0703,tank1,female,blue,3pm,combined_now,round6femaleblue,L,669.5260000000001,0.8708384737859322,0,0.059297174418917284,0,0.001194875180351447,0,0.0495141338797895,0.8708384737859322,0.059297174418917284,0.9301356482048494,0.001194875180351447,11,0,0,0,20.128000000000014,20.927999999999997,21.199000000000012,57.28999999999999,50.763000000000005,incorrect,NA
SPA4_round6_0703_cooper_female_green_3pm_tank4_part1_2019-09-09T180425_992.csv,SPA4,round6,0703,tank4,female,green,3pm,combined_now,round6femalegreen,L,652.62,0,0,0,0,0.015359627348227147,0,0.0034139315374950335,0,0,0,0.015359627348227147,5,NaN,0,NaN,2.507000000000005,50.763000000000005,57.28999999999999,57.28999999999999,50.763000000000005,incorrect,NA
SPA4_round6_0703_cooper_female_orange_3pm_tank2_part1_2019-09-09T153619_284.csv,SPA4,round6,0703,tank2,female,orange,3pm,combined_now,round6femaleorange,L,667.8530000000001,0.9949509847226858,0,0.0011559429994325394,0,0,0,0.003893072277881501,0.9949509847226858,0.0011559429994325394,0.9961069277221184,0,5,0,0,0,NA,NA,649.695,NA,NA,incorrect,NA
SPA4_round6_0703_cooper_female_pink_3pm_tank4_part1_2019-09-09T182013_041.csv,SPA4,round6,0703,tank4,female,pink,3pm,combined_now,round6femalepink,L,652.734,0,0,0,0,0,0,0.01703910015412095,0,0,0,0,4,NaN,0,NaN,NA,NA,NA,NA,NA,incorrect,NA
SPA4_round6_0703_cooper_female_purple_3pm_tank1_part1_2019-09-09T183955_990.csv,SPA4,round6,0703,tank1,female,purple,3pm,combined_now,round6femalepurple,L,669.139,0,0.9909555413748116,0,8.204573339769139e-4,0.003961807636380498,0,0.0027333633221199296,0.9909555413748116,8.204573339769139e-4,0.9917759987087885,0.003961807636380498,7,1,0.9917759987087885,1,2.852000000000004,5.503000000000014,6.0519999999999925,6.0519999999999925,5.503000000000014,correct,1
SPA4_round6_0703_cooper_female_white_3pm_tank3_2019-09-10T141124_762.csv,SPA4,round6,0703,tank3,female,white,3pm,combined_originally,round6femalewhite,L,658.9490000000001,0.5935603514080756,0,0.08303374009217696,0.012324170762835984,0.0634358652945828,0.05346240756113141,0.01606042349256172,0.5935603514080756,0.09535791085501294,0.6889182622630885,0.1168982728557142,18,0,0.012324170762835984,0.017889162529022277,3.1820000000000164,38.411,182.04399999999998,NA,38.411,correct,0.01308703093122421
SPA4_round6_0703_cooper_female_yellow_3pm_tank3_2019-09-09T192100_499.csv,SPA4,round6,0703,tank3,female,yellow,3pm,combined_originally,round6femaleyellow,L,658.989,0.4716527893485323,0,0.0259093854373898,0,0.010849953489360355,0.015702841777328582,0.009772545520486552,0.4716527893485323,0.0259093854373898,0.4975621747859221,0.02655279526668894,9,0,0,0,3.0999999999999943,331.10099999999994,348.175,NA,NA,incorrect,NA
SPA4_round6_0703_cooper_male_black_3pm_tank2_2019-09-10T143144_149.csv,SPA4,round6,0703,tank2,male,black,3pm,combined_originally,round6maleblack,L,678.583,0.006599045363647496,0,0.02041312558670053,0,0.010461505814321889,0,0.028894033596479764,0.006599045363647496,0.02041312558670053,0.027012170950348025,0.010461505814321889,11,0,0,0,4.8799999999999955,11.978999999999985,25.555999999999983,NA,NA,incorrect,NA
SPA4_round6_0703_cooper_male_blue_3pm_tank1_2019-09-11T150528_216.csv,SPA4,round6,0703,tank1,male,blue,3pm,combined_originally,round6maleblue,L,681.128,0,0,0,0,0,0,0.0030801846348996902,0,0,0,0,10,NaN,0,NaN,NA,NA,NA,NA,NA,incorrect,NA
SPA4_round6_0703_cooper_male_green_3pm_tank4_2019-09-10T150224_416.csv,SPA4,round6,0703,tank4,male,green,3pm,combined_originally,round6malegreen,L,663.2639999999999,0.015984585323491108,0,0.01571772325951655,0,0.9582669947411591,0,0.005501580064649975,0.015984585323491108,0.01571772325951655,0.031702308583007655,0.9582669947411591,11,0,0,0,1.850999999999999,11.524000000000001,21.423999999999978,NA,NA,incorrect,NA
SPA4_round6_0703_cooper_male_orange_3pm_tank2_2019-09-10T145350_228.csv,SPA4,round6,0703,tank2,male,orange,3pm,combined_originally,round6maleorange,L,678.6519999999999,0,0,0,0,9.047346799242014e-4,0,0.012034150050393978,0,0,0,9.047346799242014e-4,7,NaN,0,NaN,678.038,NA,NA,NA,NA,incorrect,NA
SPA4_round6_0703_cooper_male_pink_3pm_tank4_2019-09-10T150722_407.csv,SPA4,round6,0703,tank4,male,pink,3pm,combined_originally,round6malepink,L,663.051,0,0.9046739994359408,0,0.005429446603654871,0,0.0067098910943501405,0.004336016384863392,0.9046739994359408,0.005429446603654871,0.9101034460395957,0.0067098910943501405,7,1,0.9101034460395957,1,53.503000000000014,59.60600000000002,63.20599999999999,63.20599999999999,59.60600000000002,correct,1
SPA4_round6_0703_cooper_male_purple_3pm_tank1_2019-09-10T153251_985.csv,SPA4,round6,0703,tank1,male,purple,3pm,combined_originally,round6malepurple,L,681.3389999999999,0.04265277637123367,0,0.01667158345551926,0,0.2994383119122786,0,0.21181819916370548,0.04265277637123367,0.01667158345551926,0.05932435982675294,0.2994383119122786,27,0,0,0,7.078000000000003,27.72399999999999,29.32899999999998,NA,NA,incorrect,NA
SPA4_round6_0703_cooper_male_white_3pm_tank3_2019-09-11T182532_802.csv,SPA4,round6,0703,tank3,male,white,3pm,combined_originally,round6malewhite,L,670.553,0.2924213298575951,0,0.023848972415305134,0,0.006858518267758004,0.13810690579268148,0.5383914470593674,0.2924213298575951,0.023848972415305134,0.31627030227290026,0.1449654240604395,21,0,0,0,17.828000000000003,19.799999999999983,21.651999999999987,NA,NA,incorrect,NA
SPA4_round6_0703_cooper_male_yellow_3pm_tank3_2019-09-11T152654_351.csv,SPA4,round6,0703,tank3,male,yellow,3pm,combined_originally,round6maleyellow,L,670.55,0,0.9280322123629854,0,0.05655655804936277,0,0.00992468868839013,0.001603161583774539,0.9280322123629854,0.05655655804936277,0.9845887704123482,0.00992468868839013,79,1,0.9845887704123482,1,3.679000000000002,10.334000000000003,10.609000000000009,10.609000000000009,10.334000000000003,correct,1
SPA4_round7_0731_harry_female_black_5pm_tank2_2019-10-10T140137_349.csv,SPA4,round7,0731,tank2,female,black,5pm,combined_originally,round7femaleblack,R,689.4960000000001,0,0.9603028879065287,0,0.028934178008284496,0,0,0.010369893371390123,0.9603028879065287,0.028934178008284496,0.9892370659148132,0,20,0,0,0,NA,7.420999999999992,8.721000000000004,NA,NA,incorrect,NA
SPA4_round7_0731_harry_female_blue_5pm_tank1_2019-10-10T151812_247.csv,SPA4,round7,0731,tank1,female,blue,5pm,combined_originally,round7femaleblue,R,440.77799999999996,0,0.10391398844769917,0,0.007033018889327624,0.16363112496540197,0.2559111389406913,0.0317620207905112,0.10391398844769917,0.007033018889327624,0.1109470073370268,0.4195422639060933,38,0,0,0,12.649999999999977,97.89999999999998,99.82499999999999,NA,NA,incorrect,NA
SPA4_round7_0731_harry_female_green_5pm_tank4_2019-10-10T143332_499.csv,SPA4,round7,0731,tank4,female,green,5pm,combined_originally,round7femalegreen,R,673.851,0.08533488857329001,0.22238150570378293,0.23918789168525373,0.4123923537992823,8.162041757006641e-4,0.026965901957554363,0.005606580683266637,0.3077163942770729,0.6515802454845361,0.959296639761609,0.027782106133255026,63,0.2773166791251722,0.32452278025854375,0.3382924184318936,5.382000000000005,6.47799999999998,10.552999999999997,460.371,455.17100000000005,incorrect,1
SPA4_round7_0731_harry_female_orange_5pm_tank2_2019-10-10T141939_455.csv,SPA4,round7,0731,tank2,female,orange,5pm,combined_originally,round7femaleorange,R,690.0419999999999,0.3165416018155419,0.016958388040148282,0.36200695030157576,0.18980149034406588,0.016339585126702402,0.0729897600435917,0.017354016132351234,0.3334999898556902,0.5518084406456416,0.8853084305013318,0.0893293451702941,41,0.9491502592024474,0.6785485521171177,0.7664544115239813,144.125,2.125,2.3999999999999773,2.3999999999999773,2.125,correct,0.6806446126494913
SPA4_round7_0731_harry_female_pink_5pm_tank4_2019-10-10T144923_829.csv,SPA4,round7,0731,tank4,female,pink,5pm,combined_originally,round7femalepink,R,674.012,0.18864649294077837,0,0.7856492169278888,0,0.020400230262962678,0,0.00530405986837028,0.18864649294077837,0.7856492169278888,0.9742957098686672,0.020400230262962678,16,1,0.9742957098686672,1,3.5749999999999886,4.949999999999989,7.424999999999983,7.424999999999983,4.949999999999989,correct,0.9815039562850677
SPA4_round7_0731_harry_female_purple_5pm_tank1_2019-10-10T150914_118.csv,SPA4,round7,0731,tank1,female,purple,5pm,combined_originally,round7femalepurple,R,692.48,0,0.7902062153419593,0,0.18181319316081346,0,0.002600797134935205,0.01823157347504621,0.7902062153419593,0.18181319316081346,0.9720194085027728,0.002600797134935205,32,0,0,0,683.777,17.57499999999999,18.94999999999999,NA,NA,incorrect,NA
SPA4_round7_0731_harry_female_white_5pm_tank3_2019-10-17T143445_355.csv,SPA4,round7,0731,tank3,female,white,5pm,combined_originally,round7femalewhite,R,681.062,0.015036810158252908,0.3361000907406375,0.012931274979370393,0.06328498726988141,0.022209431740428966,0.2581982257121966,0.11848700999321643,0.35113690089889044,0.0762162622492518,0.42735316314814226,0.2804076574526255,22,0.04282321259816195,0.027968085137623302,0.06544490025905846,99.78299999999999,106.11099999999999,238.213,238.213,236.36299999999997,incorrect,0.04283346713170032
SPA4_round7_0731_harry_female_yellow_5pm_tank3_2019-10-17T141950_629.csv,SPA4,round7,0731,tank3,female,yellow,5pm,combined_originally,round7femaleyellow,R,681.011,0.5182265778379498,0,0.2821804640453679,0,0.1490636715119142,0,0.040099205446020476,0.5182265778379498,0.2821804640453679,0.8004070418833177,0.1490636715119142,48,1,0.8004070418833177,1,4.22799999999998,5.298999999999978,113.024,113.024,5.298999999999978,correct,0.8066839126728548
SPA4_round7_0731_harry_male_blue_4pm_tank1_part1_2019-10-21T152121_374.csv,SPA4,round7,0731,tank1,male,blue,4pm,combined_now,round7maleblue,R,691.323,0.5773379447812382,0.1936432029601214,0.06821268784634685,0.0011210389354903033,0.07067318749701659,0.0019151684523732212,0.007385838457566178,0.7709811477413596,0.06933372678183715,0.8403148745231968,0.07258835594938981,39,0.7488353592984577,0.645550632627585,0.768224688387049,137.62599999999998,0.6069999999999993,1.1089999999999947,146.88,145.02599999999995,incorrect,0.8169255917568649
SPA4_round7_0731_harry_male_green_4pm_tank4_part1_2019-10-17T144916_777.csv,SPA4,round7,0731,tank4,male,green,4pm,combined_now,round7malegreen,R,676.675,0.7008238814792921,0.08569549636088225,0.07077991650349147,0.018827354342926754,0.0751379909114419,0.00927624044038873,0.010796911368086495,0.7865193778401744,0.08960727084641822,0.8761266486865926,0.08441423135183063,36,0.8910446471182861,0.7716037979827837,0.8806989253659846,418.298,10.584000000000003,12.984000000000009,12.984000000000009,10.584000000000003,correct,0.7838643668808015
SPA4_round7_0731_harry_male_orange_4pm_tank2_part1_2019-10-17T151720_024.csv,SPA4,round7,0731,tank2,male,orange,4pm,combined_now,round7maleorange,R,692.104,0.3236435564597227,0.11859055864436538,0.08374030492527142,0.15587975217597394,0.03219458347300407,0.16465877960537717,0.050347924589368015,0.4422341151040881,0.23962005710124534,0.6818541722053335,0.19685336307838125,53,0.7318376068376072,0.40738386138499416,0.5974647923138536,1.9320000000000164,19.733000000000004,21.331000000000017,21.331000000000017,19.733000000000004,correct,0.41933991799170395
SPA4_round7_0731_harry_male_pink_4pm_tank4_part1_2019-10-17T150508_469.csv,SPA4,round7,0731,tank4,male,pink,4pm,combined_now,round7malepink,R,676.443,0,0.9128056613787117,0,0.06598486494797065,0,0.00888766681006382,0.004634536834589196,0.9128056613787117,0.06598486494797065,0.9787905263266823,0.00888766681006382,22,0,0,0,0.15900000000002024,0.4339999999999975,0.4339999999999975,57.28999999999999,50.763000000000005,incorrect,NA
SPA4_round7_0731_harry_male_purple_4pm_tank1_part1_2019-10-21T150207_075.csv,SPA4,round7,0731,tank1,male,purple,4pm,combined_now,round7malepurple,R,691.6480000000001,0.10345435828629587,0.4026672527065791,0.08801153187748698,0.05172284167669094,0.24524179929675205,0.005577981863607008,0.05349252799111668,0.506121610992875,0.13973437355417792,0.6458559845470528,0.250819781160359,56,0.20440612698467106,0.19146589016378285,0.29645291635419363,19.349999999999994,24.399,82.55099999999999,82.55099999999999,24.399,correct,0.1984671389541237
SPA4_round7_0731_harry_male_yellow_4pm_tank3_2019-10-21T181350_384.csv,SPA4,round7,0731,tank3,male,yellow,4pm,combined_originally,round7maleyellow,R,685.283,0.33634425485529335,0.5551852300436463,0.0016051762556491592,0.015923348456039297,0,0.06896712744953548,0.013397384730104284,0.8915294848989397,0.017528524711688455,0.9090580096106281,0.06896712744953548,19,0.37726655209100574,0.3379494311109425,0.37175782792529877,1.7560000000000002,29.861000000000004,30.138000000000005,454.79200000000003,453.692,incorrect,1
SPA4_round8_0731_cooper_female_blue_5pm_tank1_2019-10-22T152847_165.csv,SPA4,round8,0731,tank1,female,blue,5pm,combined_originally,round8femaleblue,R,681.746,0.2993020861141834,0.1747733026669756,0.23264382922672086,0.0038430735200500952,0.12583425498646086,0.01781015216810955,0.016255320896638826,0.474075388781159,0.23648690274677095,0.7105622915279299,0.1436444071545704,54,0.6313385870624602,0.5319459153409043,0.7486267167331032,2.857000000000001,1.2820000000000018,23.378999999999998,23.378999999999998,19.077999999999996,incorrect,0.5472604682887964
SPA4_round8_0731_cooper_female_purple_5pm_tank1_2019-10-22T152213_474.csv,SPA4,round8,0731,tank1,female,purple,5pm,combined_originally,round8femalepurple,R,681.915,0.6939603909578174,0.2375501345475608,0.04775815167579549,0.005651730787561561,0,0,0.014711510965442843,0.9315105255053782,0.053409882463357046,0.9849204079687353,0,14,0.744983950214968,0.7417185426336128,0.7530746003763966,NA,1.3820000000000014,2.681000000000001,2.681000000000001,1.3820000000000014,correct,0.7432247958585405
SPA4_round8_0731_cooper_male_black_5pm_tank2_2019-10-23T150351_957.csv,SPA4,round8,0731,tank2,male,black,5pm,combined_originally,round8maleblack,R,687.159,0.09517302400172303,0.003964148035607547,0.0074087656568565564,0.012512387962611045,0.1587434640308867,0.027840718087080326,0.09575367564129995,0.09913717203733058,0.0199211536194676,0.11905832565679818,0.18658418211796704,51,0.9600135049836319,0.10258178965857959,0.8616095438322017,16.004999999999995,189.44100000000003,512.029,512.029,189.44100000000003,correct,0.1416263828111499
SPA4_round8_0731_cooper_male_blue_5pm_tank1_2019-10-23T183636_788.csv,SPA4,round8,0731,tank1,male,blue,5pm,combined_originally,round8maleblue,R,689.1129999999999,0.16360451769158316,0.3068640411659627,0.21310583315073148,0.06315219709974981,0.10878622228865216,0.034936215105505264,0.012878874727367004,0.4704685588575459,0.2762580302504813,0.74672658910802725,0.1437224373941574,69,0.3477480367420712,0.37671035084231463,0.5044823049522036,14.623999999999995,31.400000000000006,31.663999999999987,31.663999999999987,31.400000000000006,correct,0.3946949505331352
SPA4_round8_0731_cooper_male_green_5pm_tank4_2019-10-23T180749_711.csv,SPA4,round8,0731,tank4,male,green,5pm,combined_originally,round8malegreen,R,668.564,0.9299603328925876,0,0.03721857593289495,0,0.0011995859783056032,0,0.022650037991875295,0.9299603328925876,0.03721857593289495,0.9671789088254825,0.0011995859783056032,11,1,0.9671789088254825,1,490.077,1.2680000000000007,4.967999999999989,4.967999999999989,1.2680000000000007,correct,0.9690167481897086
SPA4_round8_0731_cooper_male_orange_5pm_tank2_2019-10-23T151946_407.csv,SPA4,round8,0731,tank2,male,orange,5pm,combined_originally,round8maleorange,R,686.4069999999999,0,0.8153107412948878,0,0.004558519945163634,0.06462346683527405,0.03110253828996506,0.005914858094395812,0.8153107412948878,0.004558519945163634,0.8198692612400514,0.09572600512523911,16,0,0,0,556.6139999999999,0.5330000000000155,1.078000000000003,NA,NA,incorrect,NA
SPA4_round8_0731_cooper_male_pink_5pm_tank4_2019-10-23T182147_097.csv,SPA4,round8,0731,tank4,male,pink,5pm,combined_originally,round8malepink,R,668.7149999999999,0,0.9870886700612368,0,0.0032569928893475186,0.008704754641364406,0,9.49582408051249e-4,0.9870886700612368,0.0032569928893475186,0.9903456629505843,0.008704754641364406,5,0,0,0,0.6349999999999909,6.455999999999989,8.634000000000015,NA,NA,incorrect,NA
SPA4_round8_0731_cooper_male_purple_5pm_tank1_2019-10-23T182959_889.csv,SPA4,round8,0731,tank1,male,purple,5pm,combined_originally,round8malepurple,R,23.390000000000015,0,0.15840102607952158,0,0.03723813595553571,0,0,0.32107738349722287,0.15840102607952158,0.03723813595553571,0.1956391620350573,0,9,0,0,0,NA,18.54000000000002,19.411,NA,NA,incorrect,NA
SPA4_round8_0731_cooper_male_white_5pm_tank3_part1_2019-10-23T191314_323.csv,SPA4,round8,0731,tank3,male,white,5pm,combined_now,round8malewhite,R,679.94,0,0.2169514957202106,0,0.0877415654322441,0,0.4326852369326704,0.06618966379386411,0.2169514957202106,0.0877415654322441,0.30469306115245476,0.4326852369326704,19,NaN,0,0,133.94400000000002,142.44299999999998,57.28999999999999,57.28999999999999,50.763000000000005,incorrect,NA
SPA4_round8_0731_cooper_male_yellow_5pm_tank3_part1_2019-10-23T185106_730.csv,SPA4,round8,0731,tank3,male,yellow,5pm,combined_now,round8maleyellow,R,680.148,0.1681501673165252,0.2113098913765827,0.019948599422478654,0.22310585343190015,0.02293030340455309,0.17952122185171462,0.0846639260866753,0.37946005869310795,0.2430544528543788,0.6225145115474867,0.20245152525626772,59,0.44313008303337226,0.1880987667390039,0.3021596496946165,0.7599999999999909,6.756,16.627999999999986,16.627999999999986,6.756,correct,0.1899859220186756
SPA8_round1_0515_harry_female_black_5pm_tank2_2019-09-23T150751_191.csv,SPA8,round1,0515,tank2,female,black,5pm,combined_originally,round1femaleblack,R,679.111,0.11744177314165133,0,0.27514206072350483,0,0.5124758691878057,4.0199613907004325e-4,0.003978731017462575,0.11744177314165133,0.27514206072350483,0.39258383386515616,0.5128778653268757,39,1,0.39258383386515616,1,20.099999999999994,158.581,161.80499999999998,161.80499999999998,158.581,correct,0.5121856569265942
SPA8_round1_0515_harry_female_blue_5pm_tank1_2019-09-23T182635_259.csv,SPA8,round1,0515,tank1,female,blue,5pm,combined_originally,round1femaleblue,R,667.381,0.9508526613733386,0,0.036635744799447374,0,0.001648233917357543,0,0.010863359909856589,0.9508526613733386,0.036635744799447374,0.987488406172786,0.001648233917357543,7,1,0.987488406172786,1,7.25,8.349999999999994,11.099999999999994,11.099999999999994,8.349999999999994,correct,1
SPA8_round1_0515_harry_female_green_5pm_tank4_part1_2019-09-23T153625_375.csv,SPA8,round1,0515,tank4,female,green,5pm,combined_now,round1femalegreen,R,690.1949999999999,0.12941994653684827,0.08848948485572937,0.055600228920812234,0.5920283398170081,0.016589514557480117,0.09306065677091255,0.02281963792841158,0.21790943139257765,0.6476285687378203,0.86553800013039806,0.10965017132839264,31,0.5939162234042548,0.18502017545766047,0.21376320326754714,1.4499999999999886,17.849999999999994,23.349999999999994,216.95,212.52499999999998,incorrect,0.26733937655703727
SPA8_round1_0515_harry_female_orange_5pm_tank2_2019-09-23T152533_497.csv,SPA8,round1,0515,tank2,female,orange,5pm,combined_originally,round1femaleorange,R,679.192,0.37592610042521113,0,0.6198777370758196,0,0,0,0.0032391429816605445,0.37592610042521113,0.6198777370758196,0.9958038375010307,0,40,1,0.9958038375010307,1,NA,2.8499999999999943,5.050000000000011,5.050000000000011,2.8499999999999943,correct,1
SPA8_round1_0515_harry_female_purple_5pm_tank1_2019-09-23T181559_519.csv,SPA8,round1,0515,tank1,female,purple,5pm,combined_originally,round1femalepurple,R,667.5150000000001,0,0.9105263552129916,0,0.03973693475052974,0,0.014043130116926287,0.017078267904092136,0.9105263552129916,0.03973693475052974,0.9502632899635214,0.014043130116926287,19,0,0,0,1.2249999999999943,1.625,5.724999999999994,NA,NA,incorrect,NA
SPA8_round1_0515_harry_female_white_5pm_tank3_2019-09-23T180614_094.csv,SPA8,round1,0515,tank3,female,white,5pm,combined_originally,round1femalewhite,R,685.3299999999999,0,0.0412939751652488,0,0.05366028044883509,0,0.8787080676462434,0.00762406431937902,0.0412939751652488,0.05366028044883509,0.09495425561408388,0.8787080676462434,19,0,0,0,8.824999999999989,132.825,601.5250000000001,NA,NA,incorrect,NA
SPA8_round1_0515_harry_male_black_5pm_tank2_2019-09-23T183256_979.csv,SPA8,round1,0515,tank2,male,black,5pm,combined_originally,round1maleblack,R,682.319,0,0.8435848921105816,0,8.060745780199335e-4,0,0,0.008060745780199585,0.8435848921105816,8.060745780199335e-4,0.8443909666886016,0,6,0,0,0,NA,106.17500000000001,106.725,NA,NA,incorrect,NA
SPA8_round1_0515_harry_male_blue_5pm_tank1_2019-09-24T141542_408.csv,SPA8,round1,0515,tank1,male,blue,5pm,combined_originally,round1maleblue,R,681.64,0.9858796432134265,0,0.004841265183968093,0,0,0,0.008875652837274784,0.9858796432134265,0.004841265183968093,0.9907209083973946,0,4,1,0.9907209083973946,1,NA,6.324999999999989,9.625,9.625,6.324999999999989,correct,1
SPA8_round1_0515_harry_male_pink_5pm_tank4_2019-09-24T141922_595.csv,SPA8,round1,0515,tank4,male,pink,5pm,combined_originally,round1malepink,R,674.904,0.9704772826950204,0,0.023114398492229998,0,4.815499685881504e-4,0,6.297191896921805e-4,0.9704772826950204,0.023114398492229998,0.9935916811872504,4.815499685881504e-4,8,1,0.9935916811872504,1,4,4.325000000000017,6.800000000000011,6.800000000000011,4.325000000000017,correct,0.9999999999999998
SPA8_round1_0515_harry_male_white_5pm_tank3_part1_2019-09-24T142841_138.csv,SPA8,round1,0515,tank3,male,white,5pm,combined_now,round1malewhite,R,679.413,0,0.8233843038034303,0,0.008904745714315147,0.00518830225503487,0.01008223275091882,0.006064058238508867,0.8233843038034303,0.008904745714315147,0.8322890495177455,0.015270535005953689,11,NaN,0,NaN,67.49500000000002,113.94500000000002,119.99500000000002,NA,NA,incorrect,NA
SPA8_round2_0515_cooper_female_black_6pm_tank2_part1_2019-09-25T185820_061.csv,SPA8,round2,0515,tank2,female,black,6pm,combined_now,round2femaleblack,R,696.11,0,0.16312077114249185,0,0.8143612360115499,0,0.002370315036416666,0.011456522676013839,0.16312077114249185,0.8143612360115499,0.9774820071540418,0.002370315036416666,8,NaN,0,0,14.025000000000006,15.675000000000011,15.949999999999989,57.28999999999999,50.763000000000005,incorrect,NA
SPA8_round2_0515_cooper_female_blue_6pm_tank1_2019-09-30T151839_181.csv,SPA8,round2,0515,tank1,female,blue,6pm,combined_originally,round2femaleblue,R,698.006,0,0,0,0,0,0,0.019161726403498065,0,0,0,0,5,NaN,0,NaN,NA,NA,NA,NA,NA,incorrect,NA
SPA8_round2_0515_cooper_female_orange_6pm_tank2_part1_2019-09-25T190712_270.csv,SPA8,round2,0515,tank2,female,orange,6pm,combined_now,round2femaleorange,R,696.45,0.015076459185871223,0.06303395792949959,0.39722880321631127,0.22040347476487912,0.014214947232392815,0.02997343671476774,0.03216311292985854,0.07811041711537081,0.6176322779811904,0.6957426950965611,0.044188383947160556,32,NaN,0.4123052624021824,NaN,147.75,161.47500000000002,165.32500000000002,216.57500000000002,216.02500000000003,incorrect,0.5976999531664671
SPA8_round2_0515_cooper_female_pink_6pm_tank4_2019-09-25T193440_777.csv,SPA8,round2,0515,tank4,female,pink,6pm,combined_originally,round2femalepink,R,680.077,0,0.8244316452401712,0,0.005256757690673245,0,0.012535345262374752,6.984503225370402e-4,0.8244316452401712,0.005256757690673245,0.8296884029308444,0.012535345262374752,8,0,0,0,107.29999999999998,115.82500000000002,119.4,NA,NA,incorrect,NA
SPA8_round2_0515_cooper_female_purple_6pm_tank1_2019-09-25T194125_551.csv,SPA8,round2,0515,tank1,female,purple,6pm,combined_originally,round2femalepurple,R,698.193,0,0.9803063049901675,0,7.87747800393297e-4,0,0,0.008844259395324785,0.9803063049901675,7.87747800393297e-4,0.9810940527905607,0,6,0,0,0,NA,13.200000000000003,13.75,NA,NA,incorrect,NA
SPA8_round2_0515_cooper_female_white_6pm_tank3_part1_2019-09-30T152832_424.csv,SPA8,round2,0515,tank3,female,white,6pm,combined_now,round2femalewhite,R,687.705,0.8900691430191725,0,0.09517162155284603,0,0,0,0.014359354665154391,0.8900691430191725,0.09517162155284603,0.9852407645720185,0,9,1,0.9852407645720185,1,NA,287.965,235.48,235.48,287.965,correct,1
SPA8_round2_0515_cooper_female_yellow_6pm_tank3_part1_2019-09-30T152333_497.csv,SPA8,round2,0515,tank3,female,yellow,6pm,combined_now,round2femaleyellow,R,686.979,0,0.28958672681406566,0,0.6587741401119975,0,0,0.02081577457243968,0.28958672681406566,0.6587741401119975,0.9483608669260633,0,7,NaN,0,0,NA,234.96500000000003,NA,NA,NA,incorrect,NA
SPA8_round2_0515_cooper_male_black_6pm_tank2_2019-09-30T153410_761.csv,SPA8,round2,0515,tank2,male,black,6pm,combined_originally,round2maleblack,R,691.704,0.022300001156564015,0.8154918867029829,0.005168395729965485,0.009541653655320684,0.023456565235996832,0.029383956143090174,0.016336467621988593,0.837791887859547,0.014710049385286169,0.8525019372448331,0.052840521379087006,27,0.0266175902150804,0.0274683968865295,0.03222092019556403,5.050000000000011,23.150000000000006,23.700000000000017,676.279,672.704,incorrect,1
SPA8_round2_0515_cooper_male_green_6pm_tank4_2019-09-30T180920_427.csv,SPA8,round2,0515,tank4,male,green,6pm,combined_originally,round2malegreen,R,683.4,0,0.8636962247585601,0,0.02904594673690375,0.01913227977758268,0.018071407667544538,0.055640913081650624,0.8636962247585601,0.02904594673690375,0.8927421714954639,0.03720368744512722,25,0,0,0,0.5999999999999943,21.575000000000003,21.85000000000001,NA,NA,incorrect,NA
SPA8_round2_0515_cooper_male_orange_6pm_tank2_2019-09-30T154315_894.csv,SPA8,round2,0515,tank2,male,orange,6pm,combined_originally,round2maleorange,R,691.725,0,0.9214644548050166,0,0.0035780114930065647,0,0,0.07058440854385781,0.9214644548050166,0.0035780114930065647,0.9250424662980231,0,8,0,0,0,NA,39.150000000000006,41.349999999999994,NA,NA,incorrect,NA
SPA8_round2_0515_cooper_male_pink_6pm_tank4_2019-09-30T182003_082.csv,SPA8,round2,0515,tank4,male,pink,6pm,combined_originally,round2malepink,R,683.519,0.023847179083536747,0.4776077914439835,0.02051881513169362,0.415738260384861,0,0.04425626793110368,0.01803168602482151,0.5014549705275203,0.4362570755165546,0.9377120460440749,0.04425626793110368,28,0.04755597308857065,0.04436599421523037,0.047313025786964294,29.64999999999999,1.0499999999999972,3.799999999999997,656.769,653.194,incorrect,1
SPA8_round3_0612_audrey_female_black_6pm_tank2_2019-10-01T143504_042.csv,SPA8,round3,0612,tank2,female,black,6pm,combined_originally,round3femaleblack,L,688.475,0.022404589854388295,0,0.0035949017756636372,0.18806056864809909,0.010857329605287038,0.7463233959112532,0.02875921420530885,0.022404589854388295,0.1916554704237627,0.214060060278151,0.7571807255165403,12,0,0.18806056864809909,0.8785411365564038,6.325000000000017,12.349999999999994,14.825000000000017,NA,79.25,incorrect,0.21252410849850223
SPA8_round3_0612_audrey_female_green_6pm_tank4_part1_2019-10-01T145450_648.csv,SPA8,round3,0612,tank4,female,green,6pm,combined_now,round3femalegreen,L,677.11,0.017463927574544822,0.5520668724431776,0.019457695204619565,0.036146268700801676,0.025771292699856643,0.13960065572802083,0.0633294442557341,0.5695308000177226,0.055603963905421244,0.6251347639231437,0.16537194842787747,45,0.9693362894965446,0.5882131411439794,0.9409381386063764,40.42500000000001,53.349999999999994,57.19999999999999,57.19999999999999,53.349999999999994,correct,0.6385228292933177
SPA8_round3_0612_audrey_female_pink_6pm_tank4_part1_2019-10-01T151809_829.csv,SPA8,round3,0612,tank4,female,pink,6pm,combined_now,round3femalepink,L,677.0120000000001,0.46498437250742974,0.030021624432063264,0.006284969838052917,0.20067147997376714,0.08282718770125187,0.12577325069570405,0.03906873142573558,0.495005996939493,0.20695644981182004,0.701962446751313,0.2086004383969559,38,NaN,0.2306931044058304,0.32864023634523426,44.849999999999994,21.44999999999999,30.80000000000001,30.80000000000001,21.44999999999999,correct,0.2382413867795877
SPA8_round3_0612_audrey_female_purple_6pm_tank1_2019-10-02T151709_330.csv,SPA8,round3,0612,tank1,female,purple,6pm,combined_originally,round3femalepurple,L,688.027,0,0,0.3042031780729535,0,0.42898171147353237,0,0.23483962111952,0,0.3042031780729535,0.3042031780729535,0.42898171147353237,20,NaN,0,0,3.174999999999983,9.799999999999983,NA,NA,NA,incorrect,NA
SPA8_round3_0612_audrey_female_white_6pm_tank3_2019-10-02T150417_579.csv,SPA8,round3,0612,tank3,female,white,6pm,combined_originally,round3femalewhite,L,683.256,0.16444934255974333,0.025507276921095376,0.0028173920170477167,0.1608430807779223,0.006842237755687573,0.195936808458323,0.11855000175629642,0.1899566194808387,0.16366047279497004,0.35361709227580873,0.20277904621401058,44,0.1342794843939005,0.1863503576990177,0.526983456879033,53.974999999999994,19.25,31.599999999999994,31.599999999999994,19.25,correct,0.19175278536639734
SPA8_round3_0612_audrey_male_orange_5pm_tank2_2019-10-02T152558_355.csv,SPA8,round3,0612,tank2,male,orange,5pm,combined_originally,round3maleorange,L,696.67,0,0.046112219558758195,0,0.620587939770623,0.027200826790302425,0.10604016248726075,0.019270242726111313,0.046112219558758195,0.620587939770623,0.6667001593293812,0.13324098927756317,27,1,0.6667001593293812,1,8.150000000000006,11.724999999999994,39.025000000000006,39.025000000000006,11.724999999999994,correct,0.678112841177029
SPA8_round3_0612_audrey_male_pink_5pm_tank4_2019-10-02T153456_417.csv,SPA8,round3,0612,tank4,male,pink,5pm,combined_originally,round3malepink,L,686.6410000000001,0.905372676551502,0,0.09127768368040946,0,4.005004070540583e-4,0,0.002949139361034356,0.905372676551502,0.09127768368040946,0.9966503602319114,4.005004070540583e-4,9,0,0,0,2.0249999999999915,2.299999999999997,3.125,NA,NA,incorrect,NA
SPA8_round3_0612_audrey_male_white_5pm_tank3_part1_2019-10-02T153855_772.csv,SPA8,round3,0612,tank3,male,white,5pm,combined_now,round3malewhite,L,692.0250000000001,0.7056825981720313,0,0.07413026986019286,0,0.05176836096961812,0,0.06412340594631692,0.7056825981720313,0.07413026986019286,0.7798128680322242,0.05176836096961812,29,0,0,0,23.900000000000006,25.275000000000006,25.549999999999997,57.28999999999999,50.763000000000005,incorrect,NA
SPA8_round4_0612_cooper_female_black_6pm_tank2_part1_2019-10-03T141656_058.csv,SPA8,round4,0612,tank2,female,black,6pm,combined_now,round4femaleblack,L,334.141,0,0.6970590259800503,0,0.2118865987711775,0,0.014290374422773549,0.0584334158334356,0.6970590259800503,0.2118865987711775,0.9089456247512278,0.014290374422773549,34,1,0.9089456247512278,1,36,11.275000000000006,15.675000000000011,15.675000000000011,11.275000000000006,correct,0.9406874678659258
SPA8_round4_0612_cooper_female_blue_6pm_tank1_2019-10-03T150347_852.csv,SPA8,round4,0612,tank1,female,blue,6pm,combined_originally,round4femaleblue,L,665.727,0.4626145552155765,0,0.015287047092877528,0.03976855377654795,0,0.042960552899311485,0.1681244714424981,0.4626145552155765,0.05505560086942548,0.517670156085002,0.042960552899311485,34,0,0.03976855377654795,0.07682218746644902,76.72500000000001,47.22500000000001,103.24999999999999,NA,47.22500000000001,correct,0.042805035391963064
SPA8_round4_0612_cooper_female_orange_6pm_tank2_part1_2019-10-03T143238_052.csv,SPA8,round4,0612,tank2,female,orange,6pm,combined_now,round4femaleorange,L,663.044,0.2826961709931769,0.006221306579955565,0.00749874819770639,0.07056092808320413,0.011613105615916889,0.44027394863689284,0.03703072495942946,0.28891747757313246,0.07805967628091051,0.366977153854043,0.4518870542528097,38,0.02153316106804508,0.07678223466315968,0.20922892299093399,29.974999999999994,33.52799999999999,34.07499999999999,57.28999999999999,50.763000000000005,incorrect,0.2607880501598232
SPA8_round4_0612_cooper_female_pink_6pm_tank4_2019-10-03T145411_131.csv,SPA8,round4,0612,tank4,female,pink,6pm,combined_originally,round4femalepink,L,649.95,0,0.027386722055542618,0,0.5683898761443189,0,0.3522963304869605,0.0011539349180706207,0.027386722055542618,0.5683898761443189,0.5957765981998615,0.3522963304869605,26,1,0.5957765981998615,1,20,21.650000000000006,24.950000000000017,24.950000000000017,21.650000000000006,correct,0.6163059048225371
SPA8_round4_0612_cooper_female_white_6pm_tank3_2019-10-03T153146_202.csv,SPA8,round4,0612,tank3,female,white,6pm,combined_originally,round4femalewhite,L,654.745,0,0,0,0.13814538484448144,0.0033600867513307402,0.2684251120665297,0.009660249410075553,0,0.13814538484448144,0.13814538484448144,0.27178519881786045,20,NaN,0.13814538484448144,1,1.1000000000000085,1.9250000000000114,NA,NA,1.9250000000000114,correct,0.13855274041849208
SPA8_round4_0612_cooper_female_yellow_6pm_tank3_2019-10-03T152049_832.csv,SPA8,round4,0612,tank3,female,yellow,6pm,combined_originally,round4femaleyellow,L,654.53,0.46239286205368746,0,0.5365376682505003,0,0,0,6.493208867431766e-4,0.46239286205368746,0.5365376682505003,0.9989305303041878,0,13,0,0,0,NA,0.7000000000000028,0.9749999999999943,NA,NA,incorrect,NA
SPA8_round4_0612_cooper_male_blue_6pm_tank1_part1_2019-10-03T205512_075.csv,SPA8,round4,0612,tank1,male,blue,6pm,combined_now,round4maleblue,L,684.702,0,0.12220644893690966,0,0.6623348551632682,0,0.08160484415117812,0.019278459826318605,0.12220644893690966,0.6623348551632682,0.7845413041001777,0.08160484415117812,21,NaN,0.7845413041001777,NaN,65.9,110.92500000000001,228.05,228.05,110.92500000000001,correct,0.9362121521078747
SPA8_round4_0612_cooper_male_green_6pm_tank4_2019-10-03T205335_407.csv,SPA8,round4,0612,tank4,male,green,6pm,combined_originally,round4malegreen,L,676.205,0,0.995452562462567,0,0,0,0.0032534512462936366,8.133628115734302e-4,0.995452562462567,0,0.995452562462567,0.0032534512462936366,6,1,0.995452562462567,1,0.875,3.0749999999999886,3.0749999999999886,3.0749999999999886,3.0749999999999886,correct,1
SPA8_round4_0612_cooper_male_pink_6pm_tank4_2019-10-03T204430_559.csv,SPA8,round4,0612,tank4,male,pink,6pm,combined_originally,round4malepink,L,676.015,0,0.23784975185461857,0,0.551134220394518,0.002033978535979231,0.061167281791084424,0.007322322729525131,0.23784975185461857,0.551134220394518,0.7889839722491365,0.06320126032706365,38,1,0.7889839722491365,1,30.400000000000006,2.1999999999999886,515.225,515.225,2.1999999999999886,correct,0.7915599979222785
SPA8_round4_0612_cooper_male_yellow_6pm_tank3_2019-10-03T210321_560.csv,SPA8,round4,0612,tank3,male,yellow,6pm,combined_originally,round4maleyellow,L,684.9200000000001,0,0,0.881409507679729,0,0.10132570227179812,0,0.0096361618875197,0,0.881409507679729,0.881409507679729,0.10132570227179812,43,NaN,0,0,6.599999999999994,7.974999999999994,NA,NA,NA,incorrect,NA
SPA8_round5_0710_harry_female_black_1pm_tank2_2019-10-09T151329_040.csv,SPA8,round5,0710,tank2,female,black,1pm,combined_originally,round5femaleblack,R,685.2570000000001,0.17043678503101756,0.6723637992753083,0.0027040949599932075,0.0015322718337791265,0.008935333750694897,0.0030645436675583357,0.019998336390580455,0.8428005843063259,0.004236366793772334,0.8470369511000982,0.011999877418253233,13,0.20222670487502922,0.17314087999101077,0.20440770590485127,536.933,73.563,74.61299999999999,568.464,566.611,incorrect,1
SPA8_round5_0710_harry_female_blue_1pm_tank1_part1_2019-10-09T153925_668.csv,SPA8,round5,0710,tank1,female,blue,1pm,combined_now,round5femaleblue,R,686.174,0,0,0,0.1329138090338602,0.01384197011253704,0.1998997338867401,0.0018537572102702688,0,0.1329138090338602,0.1329138090338602,0.21374170399927714,30,NaN,0,0,7.320999999999998,7.873999999999995,57.28999999999999,57.28999999999999,50.763000000000005,incorrect,NA
SPA8_round5_0710_harry_female_green_1pm_tank4_2019-10-09T151856_424.csv,SPA8,round5,0710,tank4,female,green,1pm,combined_originally,round5femalegreen,R,668.892,0,0.022869162734791303,0,0.03505498645521247,0.00754830376204227,0,0.49222445476997767,0.022869162734791303,0.03505498645521247,0.05792414919000377,0.00754830376204227,18,0,0,0,508.752,630.147,653.595,NA,NA,incorrect,NA
SPA8_round5_0710_harry_female_purple_1pm_tank1_part1_2019-10-09T152559_034.csv,SPA8,round5,0710,tank1,female,purple,1pm,combined_now,round5femalepurple,R,686.102,0,0.9517826795432749,0,0.005322823720088248,0,0.002365537485679958,0.002808620292609543,0.9517826795432749,0.005322823720088248,0.9571055032633632,0.002365537485679958,10,0,0,0,27.533000000000015,29.430000000000007,29.682999999999993,57.28999999999999,50.763000000000005,incorrect,NA
SPA8_round5_0710_harry_female_white_1pm_tank3_part1_2019-10-09T194749_491.csv,SPA8,round5,0710,tank3,female,white,1pm,combined_now,round5femalewhite,R,675.231,0.3306216687326264,0.026038496455287156,0.0015905667838116964,0.18444354598648455,0.0015905667838117385,0.3045668815560898,0.03550488647588756,0.35666016518791355,0.18603411277029622,0.5426942779582098,0.30615744833990155,53,0.9269935389572641,0.3322122355164381,0.6121535623451334,2.100999999999999,3.174999999999983,3.448999999999984,3.448999999999984,3.174999999999983,correct,0.33378170866713486
SPA8_round5_0710_harry_female_yellow_1pm_tank3_part1_2019-10-09T183152_696.csv,SPA8,round5,0710,tank3,female,yellow,1pm,combined_now,round5femaleyellow,R,675.592,0,0.9447536382905659,0.0012803585596040349,0.003442906369524792,0.0140410188397731,0.00649800471290371,0.016310139847718706,0.9447536382905659,0.004723264929128827,0.9494769032196948,0.02053902355267681,10,0,0.0012803585596040349,0.001348488367923763,651.6129999999999,674.727,200.987,NA,674.727,correct,1
SPA8_round5_0710_harry_male_green_1pm_tank4_2019-10-09T200534_323.csv,SPA8,round5,0710,tank4,male,green,1pm,combined_originally,round5malegreen,R,678.742,0.3959766744948743,0.001277363121775228,0.018669833309269267,0.1449932374893555,0.003497647117756119,0.2997899054427161,0.005312769800601694,0.3972540376166495,0.16366307079862477,0.5609171084152743,0.30328755256047224,44,0.9967845182155004,0.4146465078041435,0.7392295609873973,283.21799999999996,0.7040000000000077,12.351000000000013,12.351000000000013,0.7040000000000077,correct,0.41507703108085386
SPA8_round5_0710_harry_male_pink_1pm_tank4_2019-10-09T201853_837.csv,SPA8,round5,0710,tank4,male,pink,1pm,combined_originally,round5malepink,R,679.216,0.9879198958799557,0,7.714777037054499e-4,0,0,0,0.010528314998468817,0.9879198958799557,7.714777037054499e-4,0.9886913735836611,0,4,1,0.9886913735836611,1,NA,7.680999999999997,8.204999999999998,8.204999999999998,7.680999999999997,correct,1
SPA8_round5_0710_harry_male_white_1pm_tank3_2019-10-09T202534_721.csv,SPA8,round5,0710,tank3,male,white,1pm,combined_originally,round5malewhite,R,686.621,0.7078315402529195,0,0.012431894742514514,0.04624676495475673,0.04959504588411977,0.005353754108889831,0.02426229317192447,0.7078315402529195,0.05867865969727124,0.7665101999501908,0.0549487999930096,65,1,0.720263434995434,0.9396658192444641,15.87599999999999,17.47699999999999,17.753,17.753,17.47699999999999,correct,0.7390755950886504
SPA8_round5_0710_harry_male_yellow_1pm_tank3_2019-10-09T202354_012.csv,SPA8,round5,0710,tank3,male,yellow,1pm,combined_originally,round5maleyellow,R,6.329999999999998,0,0.49415481832543234,0,0.08641390205371428,0,0.08325434439178533,0.0987361769352291,0.49415481832543234,0.08641390205371428,0.5805687203791466,0.08325434439178533,6,0,0,0,2.128,2.655000000000001,3.2020000000000124,NA,NA,incorrect,NA
SPA8_round6_0710_cooper_female_black_2pm_tank2_part1_2019-09-11T190202_332.csv,SPA8,round6,0710,tank2,female,black,2pm,combined_now,round6femaleblack,R,678.776,0.9318876919631808,0,0.06074905417987672,0,0.0034974719200443084,0,0.0011785920539323892,0.9318876919631808,0.06074905417987672,0.9926367461430575,0.0034974719200443084,15,1,0.9926367461430575,1,2.6240000000000236,4.998000000000019,6.0260000000000105,6.0260000000000105,4.998000000000019,correct,1
SPA8_round6_0710_cooper_female_blue_2pm_tank1_2019-09-16T190938_924.csv,SPA8,round6,0710,tank1,female,blue,2pm,combined_originally,round6femaleblue,R,682.355,0.13462347311883105,0,0.5648555370738105,0,0.2717705593129677,0,0.006572824995786587,0.13462347311883105,0.5648555370738105,0.6994790101926416,0.2717705593129677,66,1,0.6994790101926416,1,88.39700000000002,1.5960000000000036,6.721000000000004,6.721000000000004,1.5960000000000036,correct,0.701118898171012
SPA8_round6_0710_cooper_female_green_2pm_tank4_part1_2019-09-12T150618_937.csv,SPA8,round6,0710,tank4,female,green,2pm,combined_now,round6femalegreen,R,661.348,0.9888152682097776,0,0.0016587333748646833,0,0.006049765025372385,0,0.0034762333899853127,0.9888152682097776,0.0016587333748646833,0.9904740015846423,0.006049765025372385,6,1,0.9904740015846423,1,2.2990000000000066,6.299999999999983,7.396999999999991,7.396999999999991,6.299999999999983,correct,1
SPA8_round6_0710_cooper_female_orange_2pm_tank2_part1_2019-09-11T193842_469.csv,SPA8,round6,0710,tank2,female,orange,2pm,combined_now,round6femaleorange,R,678.0690000000001,0,0.9992272172890959,0,0,0,0,3.7459314612523306e-4,0.9992272172890959,0,0.9992272172890959,0,5,0,0,0,NA,NA,160.29200000000003,NA,NA,incorrect,NA
SPA8_round6_0710_cooper_female_pink_2pm_tank4_part1_2019-09-12T152427_259.csv,SPA8,round6,0710,tank4,female,pink,2pm,combined_now,round6femalepink,R,661.283,0.42273429076507346,0,0.21813958622858892,0,0.2772746312849416,0,0.0016301643925520587,0.42273429076507346,0.21813958622858892,0.6408738769936624,0.2772746312849416,31,1,0.6408738769936624,1,5.8519999999999754,6.1370000000000005,6.400999999999982,6.400999999999982,6.1370000000000005,correct,0.6468771846275487
SPA8_round6_0710_cooper_female_purple_2pm_tank1_2019-09-16T185139_466.csv,SPA8,round6,0710,tank1,female,purple,2pm,combined_originally,round6femalepurple,R,682.3530000000001,0,0.9834762945279055,0,0.0035187065932149224,0,0,0.013004998878879398,0.9834762945279055,0.0035187065932149224,0.9869950011211205,0,8,0,0,0,NA,8.873999999999995,9.149000000000001,NA,NA,incorrect,NA
SPA8_round6_0710_cooper_female_white_2pm_tank3_part1_2019-09-16T151634_268.csv,SPA8,round6,0710,tank3,female,white,2pm,combined_now,round6femalewhite,R,671.497,0.2514471397489489,0,0.5395109732433654,0,0.07460346062603407,0,0.0343947925307186,0.2514471397489489,0.5395109732433654,0.7909581129923142,0.07460346062603407,44,1,0.7909581129923142,1,57.751000000000005,58.277000000000015,61.54900000000001,61.54900000000001,58.277000000000015,correct,0.8661263494341347
SPA8_round6_0710_cooper_female_yellow_2pm_tank3_part1_2019-09-16T150009_929.csv,SPA8,round6,0710,tank3,female,yellow,2pm,combined_now,round6femaleyellow,R,671.358,0,0.5106545241138111,0,0.31927377047715233,0,0.11774492893508393,0.030624495425689326,0.5106545241138111,0.31927377047715233,0.8299282945909634,0.11774492893508393,30,0,0,0,16.758999999999986,17.557999999999993,42.51099999999997,57.28999999999999,50.763000000000005,incorrect,NA
SPA8_round6_0710_cooper_male_black_2pm_tank2_2019-09-16T153916_771.csv,SPA8,round6,0710,tank2,male,black,2pm,combined_originally,round6maleblack,R,689.374,0.06792104140858225,0.36926690011517693,0.106254369906611,0.04790868236980223,0.07792286915375397,0.0105457995224652,0.09883604545573231,0.43718794152375917,0.15416305227641322,0.5913509938001724,0.08846866867621918,61,0.1553589085093534,0.17417541131519326,0.29453812226795734,36.848,60.025999999999996,310.957,310.957,60.025999999999996,correct,0.19078792655255922
SPA8_round6_0710_cooper_male_green_2pm_tank4_2019-09-16T181512_282.csv,SPA8,round6,0710,tank4,male,green,2pm,combined_originally,round6malegreen,R,672.696,0.8026374469299654,0,0.08848722156813756,0,0.09070516251025722,0,0.011886498507498284,0.8026374469299654,0.08848722156813756,0.891124668498103,0.09070516251025722,26,1,0.891124668498103,1,307.089,0.35900000000000887,0.6359999999999957,0.6359999999999957,0.35900000000000887,correct,0.8916004920151649
SPA8_round6_0710_cooper_male_white_2pm_tank3_2019-09-17T143241_662.csv,SPA8,round6,0710,tank3,male,white,2pm,combined_originally,round6malewhite,R,678.749,7.425425304492609e-4,0.0348376203869178,0.03619158186605088,0.6582948925154954,0.06246933697139903,0.09233752093925741,0.0903515143300391,0.03558016291736706,0.6944864743815463,0.7300666372989134,0.15480685791065646,46,0.020869565217387406,0.03693412439650014,0.05059007289135729,16.349999999999994,53.85300000000001,218.733,637.224,468.72299999999996,incorrect,0.11936141239656074
SPA8_round6_0710_cooper_male_yellow_2pm_tank3_2019-09-17T141346_202.csv,SPA8,round6,0710,tank3,male,yellow,2pm,combined_originally,round6maleyellow,R,678.384,0.0623717540508031,0,0.44192227411023877,0,0.486058043821788,0,0.0030970659685369923,0.0623717540508031,0.44192227411023877,0.5042940281610419,0.486058043821788,109,1,0.5042940281610419,1,4.173999999999978,13.406999999999982,132.45899999999997,132.45899999999997,13.406999999999982,correct,0.514461402424445
SPA8_round7_0807_harry_female_black_3pm_tank2_part1_2019-10-21T182447_577.csv,SPA8,round7,0807,tank2,female,black,3pm,combined_now,round7femaleblack,L,675.609,0.07045939293289463,0.8019016916589328,4.129607509669e-4,0.03409812480295557,0.03450072453149676,0.010134560078388548,0.003365852142289403,0.8723610845918275,0.034511085553922474,0.90687217014575,0.04463528460988531,24,0.9192313891834569,0.8359998164618885,0.9218496762642181,567.081,425.158,428.27000000000004,428.27000000000004,425.158,correct,0.838820679689368
SPA8_round7_0807_harry_female_blue_3pm_tank1_2019-10-21T191916_830.csv,SPA8,round7,0807,tank1,female,blue,3pm,combined_originally,round7femaleblue,L,678.7570000000001,0.6999088038871054,0,0.12265214207735622,0,0.06790648199576568,0,0.034822476968929796,0.6999088038871054,0.12265214207735622,0.8225609459644616,0.06790648199576568,42,0,0,0,23.98400000000001,24.832000000000022,25.380000000000024,NA,NA,incorrect,NA
SPA8_round7_0807_harry_female_green_3pm_tank4_2019-10-21T185531_358.csv,SPA8,round7,0807,tank4,female,green,3pm,combined_originally,round7femalegreen,L,661.5,0,0.01658503401360545,0,0.9770657596371881,0,0,0.006349206349206375,0.01658503401360545,0.9770657596371881,0.9936507936507936,0,7,1,0.9936507936507936,1,NA,4.200000000000017,8.300000000000011,8.300000000000011,4.200000000000017,correct,1
SPA8_round7_0807_harry_female_orange_3pm_tank2_part1_2019-10-21T184227_989.csv,SPA8,round7,0807,tank2,female,orange,3pm,combined_now,round7femaleorange,L,675.7090000000001,0.0031418850422297445,0.02806237596361743,0.04728958767753571,0.685679782273138,0.015358682509778638,0.14147066266691724,0.05493933039222525,0.031204261005847174,0.7329693699506736,0.7641736309565208,0.1568293451766959,47,0.899312307327483,0.7137421582367554,0.9340052173003666,10.626000000000005,12.776999999999987,212.528,212.528,12.776999999999987,correct,0.7274984462961508
SPA8_round7_0807_harry_female_pink_3pm_tank4_2019-10-21T190014_387.csv,SPA8,round7,0807,tank4,female,pink,3pm,combined_originally,round7femalepink,L,661.498,0.6731554743929684,0,0.2907340611763001,0,0.034217790529978864,0,0.001591841547517902,0.6731554743929684,0.2907340611763001,0.9638895355692685,0.034217790529978864,29,0,0,0,1.2520000000000095,1.7789999999999964,100.751,NA,NA,incorrect,NA
SPA8_round7_0807_harry_female_purple_3pm_tank1_2019-10-21T191044_707.csv,SPA8,round7,0807,tank1,female,purple,3pm,combined_originally,round7femalepurple,L,678.66,0,0.9816137683081364,0,0.015845931688916633,0,0,0.0025403000029470104,0.9816137683081364,0.015845931688916633,0.9974596999970531,0,14,1,0.9974596999970531,1,NA,1.724000000000018,2.7520000000000095,2.7520000000000095,1.724000000000018,correct,1
SPA8_round7_0807_harry_female_white_3pm_tank3_part1_2019-10-22T140215_105.csv,SPA8,round7,0807,tank3,female,white,3pm,combined_now,round7femalewhite,L,668.3330000000001,0.06692023287792166,0,0.14604396311419593,0,0.3202939253336285,0,0.006532671587367395,0.06692023287792166,0.14604396311419593,0.21296419599211758,0.3202939253336285,31,NaN,0,0,13.935000000000002,29.472999999999985,32.34100000000001,57.28999999999999,50.763000000000005,incorrect,NA
SPA8_round7_0807_harry_female_yellow_3pm_tank3_part1_2019-10-21T193216_287.csv,SPA8,round7,0807,tank3,female,yellow,3pm,combined_now,round7femaleyellow,L,668.342,0,0.3460488791666545,0.009568454473907088,0.33347298239524065,0.006474230259358189,0.2588958946168276,0.012625272689730689,0.3460488791666545,0.34304143686914773,0.6890903160358023,0.26537012487618583,73,1,0.6795218615618952,0.9861143681006105,4.746000000000009,33.28,60.43299999999999,60.43299999999999,33.28,correct,0.715131750915659
SPA8_round7_0807_harry_male_blue_3pm_tank1_part1_2019-10-22T143914_355.csv,SPA8,round7,0807,tank1,male,blue,3pm,combined_now,round7maleblue,L,686.655,0.5096809897255535,0.029849050833388083,0.041486627199976644,0.2142706308116883,0.07022158143463614,0.04487697606512732,0.008413249739680025,0.5395300405589417,0.25575725801166493,0.7952872985706066,0.11509855749976346,57,0.05532416842343959,0.24411968164507636,0.30695785294677774,353.19,352.372,27.887,523.654,516.88,incorrect,0.9873420703872766
SPA8_round7_0807_harry_male_green_3pm_tank4_2019-10-22T142643_440.csv,SPA8,round7,0807,tank4,male,green,3pm,combined_originally,round7malegreen,L,682.221,0.9702867545853908,0,3.9723198201171614e-4,0,0,0,0.01640817271822472,0.9702867545853908,3.9723198201171614e-4,0.9706839865674025,0,6,0,0,0,NA,20,20.271000000000015,NA,NA,incorrect,NA
SPA8_round7_0807_harry_male_white_3pm_tank3_2019-10-22T150433_976.csv,SPA8,round7,0807,tank3,male,white,3pm,combined_originally,round7malewhite,L,684.547,0.7482612589055245,0.12076161315439261,0.02673300737568041,0.00580237733859035,0.005258952270625717,0.07053861896991734,0.022644171985269055,0.8690228720599171,0.03253538471427076,0.9015582567741879,0.07579757124054305,19,0.13896252565613298,0.12656399049298298,0.14038359644759296,1.266999999999996,44.00800000000001,47.185,47.185,44.00800000000001,correct,0.13525952361995133
SPA8_round7_0807_harry_male_yellow_3pm_tank3_2019-10-22T144712_794.csv,SPA8,round7,0807,tank3,male,yellow,3pm,combined_originally,round7maleyellow,L,684.6020000000001,0,0.8178635177811341,0,0.065381053517226,0.04641675017017184,0.010150423165576595,0.045319762431310466,0.8178635177811341,0.065381053517226,0.8832445712983601,0.056567173335748434,19,1,0.8832445712983601,1,2.125,48.53299999999999,49.702,49.702,48.53299999999999,correct,0.9506374308447668
SPA8_round8_0807_cooper_female_black_4pm_tank2_2019-10-24T140916_806.csv,SPA8,round8,0807,tank2,female,black,4pm,combined_originally,round8femaleblack,L,677.884,0.0617096730414053,0.6912008544234703,0.004353252178838889,0.050328669801913334,0.10083141068383386,0.0377734243616904,0.019574145429011126,0.7529105274648756,0.054681921980752224,0.8075924494456279,0.13860483504552426,51,0.9180385041909457,0.7415295242253837,0.9181976933221786,0.8979999999999961,13.108000000000004,13.933999999999997,13.933999999999997,13.108000000000004,correct,0.7561509440774037
SPA8_round8_0807_cooper_female_blue_4pm_tank1_part1_2019-10-24T151943_398.csv,SPA8,round8,0807,tank1,female,blue,4pm,combined_now,round8femaleblue,L,679.366,0.037487893123883176,0,0.08035138643971003,0,0.11388264941136285,0.056043428726194736,0.0539076138635138,0.037487893123883176,0.08035138643971003,0.1178392795635932,0.16992607813755758,45,NaN,0,NaN,95.38000000000002,50.763000000000005,57.28999999999999,57.28999999999999,50.763000000000005,correct,NA
SPA8_round8_0807_cooper_female_green_4pm_tank4_2019-10-24T143550_213.csv,SPA8,round8,0807,tank4,female,green,4pm,combined_originally,round8femalegreen,L,667.931,0.8982993752348671,0,0.012890553066110057,7.890036545690899e-4,0.06467883658641406,0,0.005102323443589214,0.8982993752348671,0.013679556720679147,0.9119789319555462,0.06467883658641406,27,0,7.890036545690899e-4,8.65155572045111e-4,1.3009999999999877,3.6040000000000134,4.954000000000008,NA,274.821,incorrect,0.0013405916918928207
SPA8_round8_0807_cooper_female_orange_4pm_tank2_2019-10-24T142800_342.csv,SPA8,round8,0807,tank2,female,orange,4pm,combined_originally,round8femaleorange,L,677.735,0.9400798247102481,0,0.04306402945103905,0,0,0,0.01685614583871278,0.9400798247102481,0.04306402945103905,0.9831438541612871,0,8,0,0,0,NA,11.424000000000007,11.925000000000011,NA,NA,incorrect,NA
SPA8_round8_0807_cooper_female_pink_4pm_tank4_2019-10-24T144905_498.csv,SPA8,round8,0807,tank4,female,pink,4pm,combined_originally,round8femalepink,L,668.163,0.25933641940664176,0.01645406884248326,0.02422163454127211,0.6849331675055337,0,0.0035545218756501034,0.010334304653205924,0.275790488249125,0.7091548020468058,0.9849452902959308,0.0035545218756501034,28,0.05966148052074984,0.7013872363480169,0.7121078127469215,446.15599999999995,1.3029999999999973,1.8259999999999934,200.46099999999998,197.14700000000002,incorrect,0.9949577084430253
SPA8_round8_0807_cooper_female_purple_4pm_tank1_part1_2019-10-24T150257_374.csv,SPA8,round8,0807,tank1,female,purple,4pm,combined_now,round8femalepurple,L,679.712,0.9873343416035026,0,0.011084106209688797,0,0,0,0.0011843251259357004,0.9873343416035026,0.011084106209688797,0.9984184478131913,0,9,0,0,0,NA,322.888,299.01599999999996,NA,NA,incorrect,NA
SPA8_round8_0807_cooper_female_white_4pm_tank3_2019-10-28T152750_693.csv,SPA8,round8,0807,tank3,female,white,4pm,combined_originally,round8femalewhite,L,670.62,0.3767573290388,0.21819510303897885,0.004404879067131834,0.34317348125615116,0,0.03758164086964298,0.01988756672929518,0.5949524320777788,0.347578360323283,0.9425307924010617,0.03758164086964298,26,0.3667437786193535,0.56136858429513,0.5955970763194534,246.52800000000002,0.4970000000000141,1.0220000000000198,1.0220000000000198,0.4970000000000141,correct,0.5617849260508893
SPA8_round8_0807_cooper_female_yellow_4pm_tank3_2019-10-28T150519_962.csv,SPA8,round8,0807,tank3,female,yellow,4pm,combined_originally,round8femaleyellow,L,670.769,0,0,0.21150649478434452,0.12341953787369431,0.15919787587082881,0.2492288701475469,0.009987044720313568,0,0.33492603265803883,0.33492603265803883,0.4084267460183757,34,NaN,0.12341953787369431,0.3684978945775358,150.17,3.651999999999987,NA,NA,559.592,incorrect,0.7446324329672508
SPA8_round8_0807_cooper_male_green_4pm_tank4_part1_2019-10-28T153620_790.csv,SPA8,round8,0807,tank4,male,green,4pm,combined_now,round8malegreen,L,679.4879999999999,0,0.8151431666195725,0,0.028687776678911182,0.0056248233964397605,0.09700097720636712,0.02950898323443537,0.8151431666195725,0.028687776678911182,0.8438309432984836,0.10262580060280689,42,1,0.8438309432984836,1,0.25,2.6500000000000057,3.472999999999999,3.472999999999999,2.6500000000000057,correct,0.8471347648920422
SPA8_round8_0807_cooper_male_orange_4pm_tank2_2019-10-28T182848_672.csv,SPA8,round8,0807,tank2,male,orange,4pm,combined_originally,round8maleorange,L,693.121,0.4413139985659071,0.4330672422275476,0.07585399951812169,7.545580064663978e-4,0.02069912756935655,0,0.027586813846355744,0.8743812407934547,0.07660855752458809,0.9509897983180428,0.02069912756935655,14,0.4952842330361091,0.433821800234014,0.4561792366240815,427.42,0.9159999999999968,1.1670000000000016,1.1670000000000016,0.9159999999999968,correct,0.4343958798332864
SPA8_round8_0807_cooper_male_white_4pm_tank3_2019-11-18T190729_493.csv,SPA8,round8,0807,tank3,male,white,4pm,combined_originally,round8malewhite,L,685.453,0.7419020706014855,0.13118623742255126,0.007809434053100663,0.0017229481817133826,0,0.10713498956164755,0.01024432017950176,0.8730883080240368,0.009532382234814046,0.8826206902588508,0.10713498956164755,16,0.15025540511411772,0.13290918560426465,0.1505847155761618,0.8259999999999934,55.247,55.79699999999998,55.79699999999998,55.247,correct,0.14456066746428947
SPA8_round8_0807_cooper_male_yellow_4pm_tank3_2019-10-28T183520_999.csv,SPA8,round8,0807,tank3,male,yellow,4pm,combined_originally,round8maleyellow,L,685.2860000000001,0.04848048843840388,0.1452838668818565,0.1642336192480219,0.17469786337383225,0.10859991302901288,0.2694174403095933,0.02218927571845918,0.19376435532026037,0.33893148262185413,0.5326958379421145,0.3780173533386062,99,0.7497966622484632,0.31998173025568877,0.6006837438261713,3.7590000000000003,13.512,39.334999999999994,39.334999999999994,13.512,correct,0.32641781313358353
